의료기관명,의료기관주소(도로명),의료기관전화번호,법정동,진료과
삼성앤유외과의원,"경기도 성남시 수정구 위례서일로 46, 위례엘포트한라비발디 2층 202,203호 (창곡동)",031-755-6875,창곡동,외과
고등연세이비인후과의원,"경기도 성남시 수정구 청계산로 695, 303-304호 (고등동)",,고등동,이비인후과
바른모양치과의원,"경기도 성남시 수정구 수정로 108, 2,3층 (수진동)",031-8039-6543,수진동,치과
분당서울마취통증의학과의원,"경기도 성남시 수정구 수정로 286, 정인빌딩 4층 (신흥동)",031-742-7588,신흥동,마취통증의학과
연세정석정형외과의원,"경기도 성남시 수정구 수정로 115-1, 주민신협행복빌딩 2층 (태평동)",031-721-8275,태평동,외과
연세온가족소아청소년과의원,"경기도 성남시 수정구 수정로 286, 정인빌딩 3층 (신흥동)",031-778-7515,신흥동,소아청소년과
위례퍼스트정형외과의원,"경기도 성남시 수정구 위례광장로 300, 창곡동 509번지 5층 504,505호 (창곡동)",031-8039-7560,창곡동,외과
맑은빛피부과의원,"경기도 성남시 수정구 수정로 284, 도일빌딩 2층 (신흥동)",031-8039-7540,신흥동,피부과
고등탑내과의원,"경기도 성남시 수정구 고등로 3, 현대지식산업센터 성남고등 C동 105호 (고등동)",031-778-6418,고등동,내과
연세꿈꾸는아이치과의원,"경기도 성남시 수정구 희망로 551, 502,504,505호 (신흥동)",031-733-2275,신흥동,치과
언제나봄산부인과의원,"경기도 성남시 수정구 희망로 551, 2층 202,204,205호 (신흥동)",031-778-6700,신흥동,산부인과
산성베스트내과의원,"경기도 성남시 수정구 희망로 551, 4층 (신흥동)",031-8039-6006,신흥동,내과
마음공원정신건강의학과의원,"경기도 성남시 수정구 위례동로 153, 에이플타워 5층 506호 (창곡동)",031-609-7071,창곡동,정신건강의학과
연세온탑치과의원,"경기도 성남시 수정구 산성대로 265, 2층 (신흥동)",031-609-2828,신흥동,치과
성남삼성치과의원,"경기도 성남시 수정구 수정로 128, 10층 (수진동)",,수진동,치과
연세웰드림내과의원,"경기도 성남시 수정구 위례서일로 46, 위례엘포트한라비발디 2층 208,209,210호 (창곡동)",031-8039-6775,창곡동,내과
성남근본마취통증의학과의원,"경기도 성남시 수정구 수정로 128, 4,5층 (수진동)",031-758-7580,수진동,마취통증의학과
산성예스치과의원,"경기도 성남시 수정구 희망로 551, C1블럭동 3층 302호, 305호 (신흥동)",031-747-2833,신흥동,치과
구름별소아청소년과의원,"경기도 성남시 수정구 희망로 551, C1블럭동 3층 303호, 304호 (신흥동)",031-743-7890,신흥동,소아청소년과
1퍼센트 치과의원,"경기도 성남시 수정구 수정로 286, 정인빌딩 2층, 3층일부호 (신흥동)",031-778-6868,신흥동,치과
위례밝은성모안과의원,"경기도 성남시 수정구 위례광장로 310, 우성트램타워 B동 301호 (창곡동)",031-752-9881,창곡동,안과
서울박사치과의원,"경기도 성남시 수정구 수정로 326, 3층 (산성동)",031-747-2884,산성동,치과
금토정성치과의원,"경기도 성남시 수정구 금토로80번길 51, 2층 203호 (금토동)",031-709-2888,금토동,치과
보아스이비인후과의원,"경기도 성남시 수정구 위례광장로 5, 남위례역아이파크 309,310일부호 (창곡동)",031-722-5200,창곡동,이비인후과
위례 애플산부인과의원,"경기도 성남시 수정구 위례광장로 322, 아이플렉스 205-206호 (창곡동)",031-722-5680,창곡동,산부인과
원데이항외과의원,"경기도 성남시 수정구 산성대로 241, 비와이씨 2층 202호 (신흥동)",031-753-7577,신흥동,외과
한양류마정내과의원,"경기도 성남시 수정구 위례광장로 9-9, 남위례역 푸르지오 시티 206,207호 (창곡동)",031-723-8875,창곡동,내과
위례닥터스피부과의원,"경기도 성남시 수정구 위례광장로 320, 아이에스센트럴타워 403~405호 (창곡동)",031-754-7975,창곡동,피부과
바른힐정형외과의원,"경기도 성남시 수정구 수정로 106, 수진동 SR프라자 8,9층 (수진동)",031-606-8888,수진동,외과
양지바른정형외과의원,"경기도 성남시 수정구 산성대로 531, 6,7층 (양지동)",031-608-0123,양지동,외과
연세솔내과의원,"경기도 성남시 수정구 산성대로 223, 일문파이낸스빌딩 5층 (신흥동)",031-602-0500,신흥동,내과
여름안과의원,"경기도 성남시 수정구 수정로 341, 산성역포레스티아아파트 동문상가동 301,302호 (신흥동)",031-731-1760,신흥동,안과
서울아산센트럴치과의원,"경기도 성남시 수정구 산성대로 531, 4,5층 (양지동)",031-747-2080,양지동,치과
위례편한정신건강의학과의원,"경기도 성남시 수정구 위례광장로 320, 아이에스센트럴타워 201호 (창곡동)",031-723-5831,창곡동,정신건강의학과
이안정형외과의원,"경기도 성남시 수정구 산성대로 305, 219-224호 (신흥동, 삼부르네상스파크Ⅱ)",031-698-4151,,외과
위례서울소아청소년과의원,"경기도 성남시 수정구 위례동로 135-6, 이너매스 위례 401호 (창곡동)",031-606-7001,창곡동,소아청소년과
오아로피부과의원,"경기도 성남시 수정구 산성대로 267, 223-230호 (신흥동)",031-749-5151,신흥동,피부과
위례성형외과의원,"경기도 성남시 수정구 위례서일로 22, 이너매스우남 709호 (창곡동)",031-721-0706,창곡동,외과
더한스피부과의원,"경기도 성남시 수정구 수정로 69, 대명빌딩 2,4층 (태평동)",031-605-7579,태평동,피부과
서울룬치과의원,"경기도 성남시 수정구 수정로 170, 2,3층 (신흥동)",031-697-8875,신흥동,치과
신흥미치과의원,"경기도 성남시 수정구 산성대로 305, 201,202,225호 (신흥동, 삼부르네상스파크Ⅱ)",031-722-2275,,치과
이스턴치과교정과치과의원,"경기도 성남시 수정구 산성대로295번길 1, 5층 (신흥동)",031-736-2276,신흥동,치과
태평가이드치과의원,"경기도 성남시 수정구 수정로 118, 나눔빌딩 5층 (수진동)",031-751-7528,수진동,치과
윤사랑외과의원,"경기도 성남시 수정구 산성대로295번길 1, 3층 (신흥동)",031-741-1020,신흥동,외과
서울마디튼튼재활의학과의원,"경기도 성남시 수정구 수정로 291, 산성역포레스티아아파트 4층 401~404,408호 (신흥동)",031-778-7177,신흥동,재활의학과
아폴로신경외과의원,"경기도 성남시 수정구 창업로 18, 3층 302호 (시흥동)",031-756-7567,시흥동,외과
삼성탑내과의원,"경기도 성남시 수정구 산성대로 267, 411~418호, 426호 (신흥동)",031-745-8875,신흥동,내과
미래로마취통증의학과의원,"경기도 성남시 수정구 산성대로 537, 1,2,5층 (양지동)",031-733-7575,양지동,마취통증의학과
좋은산부인과의원,"경기도 성남시 수정구 위례동로 153, 에이플타워 5층 509호 (창곡동)",031-753-5793,창곡동,산부인과
아폴로치과의원,"경기도 성남시 수정구 창업로 18, 3층 306호 (시흥동)",031-722-0428,시흥동,치과
아이편한소아치과의원,"경기도 성남시 수정구 산성대로 267, 501, 502, 535호 (신흥동)",031-604-2888,신흥동,치과
서울에스(S)퍼스트치과의원,"경기도 성남시 수정구 수정로 131, 2층 203호 (태평동, 낙원스카이뷰)",031-721-2879,,치과
탑플란트치과의원,"경기도 성남시 수정구 수정로 200, 3층 (신흥동)",031-751-2080,신흥동,치과
서울진정신건강의학과의원,"경기도 성남시 수정구 성남대로 1342, 가천대학교 지하2,3층 308호 (복정동)",031-607-8839,복정동,정신건강의학과
성남센트럴안과의원,"경기도 성남시 수정구 산성대로 267, 401~405,432~435호 (신흥동)",031-748-7779,신흥동,안과
서울에스(S)치과교정과치과의원,"경기도 성남시 수정구 위례광장로 310, 우성트램타워 A동 702,703호 (창곡동)",031-759-2285,창곡동,치과
김이경소아청소년과의원,"경기도 성남시 수정구 청계산로 689, 3층 302호 (고등동)",031-8039-5480,고등동,소아청소년과
서울진내과의원,"경기도 성남시 수정구 제일로 157, 2층 (수진동)",031-721-9888,수진동,내과
고등퍼스트치과의원,"경기도 성남시 수정구 고등로 4, 고산빌딩 3층 301-303호 (고등동)",031-603-7522,고등동,치과
서울삼성치과의원,"경기도 성남시 수정구 위례광장로 300, 중앙타워 804호 (창곡동)",031-625-6100,창곡동,치과
위례탑내과의원,"경기도 성남시 수정구 위례광장로 310, 우성트램타워 A동 501,502호 (창곡동)",031-602-7681,창곡동,내과
베스트내과의원,"경기도 성남시 수정구 수정로 174, 진영빌딩 301호 (신흥동)",031-755-7542,신흥동,내과
위례삼성정신건강의학과의원,"경기도 성남시 수정구 위례광장로 300, 위례중앙역 중앙타워 8층 803호 (창곡동)",031-757-8575,창곡동,정신건강의학과
서울더블유(W)내과의원,"경기도 성남시 수정구 수정로 291, 상가1동 108,109,112호 (신흥동)",031-746-7588,신흥동,내과
서울좋은소아청소년과의원,"경기도 성남시 수정구 수정로 291, 상가1동 301호(일부)호 (신흥동)",031-778-6429,신흥동,소아청소년과
서울산성플란트치과의원,"경기도 성남시 수정구 수정로 291, 상가 1동 3층 301호 (신흥동)",031-745-2888,신흥동,치과
소망플란트치과의원,"경기도 성남시 수정구 수정로 341, 상가2동 3층 303,304호 (신흥동)",031-744-2080,신흥동,치과
더맑은이비인후과의원,"경기도 성남시 수정구 수정로 291, 상가1동 3층 302호 (신흥동)",031-733-5002,신흥동,이비인후과
원탑성형외과의원,"경기도 성남시 수정구 산성대로 267, 5층 525호~529호 (신흥동)",031-734-7588,신흥동,외과
서울유이비인후과의원,"경기도 성남시 수정구 산성대로 439, 3층 일부호 (단대동)",031-742-8383,단대동,이비인후과
이지은산부인과의원,"경기도 성남시 수정구 산성대로 259, 3층 일부호 (신흥동)",031-743-7070,신흥동,산부인과
서울바른신경외과의원,"경기도 성남시 수정구 수정로 174, 진영빌딩 2층 (신흥동)",031-758-7975,신흥동,외과
서울위례산부인과의원,"경기도 성남시 수정구 위례광장로 300, 위례중앙역 중앙타워 10층 1002호 (창곡동)",031-758-7001,창곡동,산부인과
성남센트럴산부인과의원,"경기도 성남시 수정구 수정로 88, 2층 202호 (수진동)",031-752-0017,수진동,산부인과
미소더함치과교정과치과의원,"경기도 성남시 수정구 산성대로 267, 신흥역시네마타워 4층 406호~409호 (신흥동)",031-602-2228,신흥동,치과
삼성힐재활의학과의원,"경기도 성남시 수정구 위례광장로 300, 창곡동 509번지 509,601,613~617,620호 (창곡동)",031-625-3375,창곡동,재활의학과
서울민플란트치과의원,"경기도 성남시 수정구 수정로 69, 대명빌딩 5층 (태평동)",031-606-2800,태평동,치과
연세웰키즈치과의원,"경기도 성남시 수정구 위례광장로 300, 위례중앙역 중앙타워 7층 705호 (창곡동)",031-722-2528,창곡동,치과
최피부과의원,"경기도 성남시 수정구 위례광장로 322, 아이플렉스 3층 306호 (창곡동)",031-721-1777,창곡동,피부과
이지마취통증의학과 의원,"경기도 성남시 수정구 수정로 69, 대명빌딩 6층 (태평동)",031-721-8877,태평동,마취통증의학과
태평참이비인후과의원,"경기도 성남시 수정구 수정로 69, 대명빌딩 3층 (태평동)",031-757-2645,태평동,이비인후과
아이자람어린이치과의원,"경기도 성남시 수정구 위례광장로 310, 우성트램타워 A동 410호 (창곡동)",031-752-0428,창곡동,치과
성남키즈소아청소년과의원,"경기도 성남시 수정구 산성대로 267, 신흥역 시네마타워 5층 518,519호 (신흥동)",031-732-0303,신흥동,소아청소년과
밝은성모안과의원,"경기도 성남시 수정구 산성대로 247, 10층 (신흥동)",031-743-3337,신흥동,안과
소망소아청소년과의원,"경기도 성남시 수정구 위례광장로 19, 아이페리온 3층 306호 (창곡동)",031-749-2585,창곡동,소아청소년과
위례조은치과의원,"경기도 성남시 수정구 위례서일로 18, 더존메디컬타워 3층 306호 (창곡동)",031-754-2277,창곡동,치과
원이비인후과의원,"경기도 성남시 수정구 위례광장로 19, 아이페리온 4층 407호 (창곡동)",031-7152119,창곡동,이비인후과
위례스마일치과의원,"경기도 성남시 수정구 위례동로 147, 위례건아타워 3층 304호 (창곡동)",031-721-5525,창곡동,치과
이동훈연세정형외과의원,"경기도 성남시 수정구 위례서일로 10, 슈퍼스타타워 3층일부∼5층 (창곡동)",031-626-0011,창곡동,외과
에이덴치과의원,"경기도 성남시 수정구 위례광장로 9-9, 위례우남역 퍼스트푸르지오시티 3층 323호 (창곡동)",031-721-2828,창곡동,치과
연세모두치과교정과치과의원,"경기도 성남시 수정구 위례광장로 300, 위례중앙역 중앙타워 7층 703호 (창곡동)",031-755-3008,창곡동,치과
위례맑음치과의원,"경기도 성남시 수정구 위례광장로 328, 우성위례타워 3층 301호 (창곡동)",031-608-7528,창곡동,치과
제이덴치과의원,"경기도 성남시 수정구 위례광장로 300, 위례중앙역 중앙타워 9층 901호 (창곡동)",031-722-2875,창곡동,치과
위례 리더스피부과의원,"경기도 성남시 수정구 위례광장로 300, 8층 801호 (창곡동)",031-756-9600,창곡동,피부과
서울플란트치과의원,"경기도 성남시 수정구 위례서일로 34, 6층 606호 (창곡동)",031-752-3815,창곡동,치과
아이작성형외과의원,"경기도 성남시 수정구 위례광장로 300, 9층 907호 (창곡동)",031-758-3050,창곡동,외과
위례편한치과의원,"경기도 성남시 수정구 위례광장로 19, 4층 413호 (창곡동)",031-722-2872,창곡동,치과
열린서울내과의원,"경기도 성남시 수정구 위례서일로 34, 5층 504호 (창곡동, 우남역성희프라자)",031-757-3106,,내과
위례좋은치과의원,"경기도 성남시 수정구 위례동로 153, 6층 606, 607호 (창곡동, 에이플타워)",031-722-2754,,치과
연세케이(K)플란트치과의원,"경기도 성남시 수정구 위례광장로 5, 3층 307호 (창곡동, 위례우남역아이파크)",031-754-2822,,치과
서울밝은미소치과의원,"경기도 성남시 수정구 위례광장로 300, 7층 717호 (창곡동, 위례중앙역중앙타워)",031-755-2279,,치과
위례바른이(e)치과의원,"경기도 성남시 수정구 위례동로 153, 3층 305, 306호 (창곡동, 에이플타워)",031-721-2829,,치과
성모튼튼마취통증의학과의원,"경기도 성남시 수정구 위례광장로 300, 7층 701호 (창곡동, 위례중앙역중앙타워)",031-754-8875,,마취통증의학과
위례연세정신건강의학과의원,"경기도 성남시 수정구 위례광장로 310, A동 5층 508호 (창곡동, 우성트램타워)",031-758-7508,,정신건강의학과
더나은내과의원,"경기도 성남시 수정구 산성대로 439, 4층 (단대동)",031-744-3339,단대동,내과
위례아산내과의원,"경기도 성남시 수정구 위례광장로 300, 8층 807호 (창곡동, 위례중앙역중앙타워)",031-751-1575,,내과
다온정형외과의원,"경기도 성남시 수정구 산성대로 439, 5, 6층 (단대동)",031-746-8275,단대동,외과
서울허브치과의원,"경기도 성남시 수정구 산성대로 439, 2층 202호 (단대동)",031-735-2275,단대동,치과
바라봄피부과의원,"경기도 성남시 수정구 위례동로 153, 에이플타워 5층 501,502,503,504호 (창곡동)",031-778-7582,창곡동,피부과
우리샘치과의원,"경기도 성남시 수정구 위례광장로 320, 5층 506,507호 (창곡동, 아이에스센트럴타워)",031-605-2087,,치과
성남타임치과의원,"경기도 성남시 수정구 산성대로 529-1, 2층 (양지동)",031-603-2080,양지동,치과
서울본치과의원,"경기도 성남시 수정구 위례광장로 27, 3층 305호 (창곡동, 으뜸프라자)",031-698-4000,,치과
연세프렌즈소아청소년과의원,"경기도 성남시 수정구 수정로 179-1, 2층 (태평동)",031-755-5585,태평동,소아청소년과
위례헤브론치과의원,"경기도 성남시 수정구 위례광장로 320, 4층 414,415호 (창곡동, 아이에스센트럴타워)",031-753-7522,,치과
바로본신경외과의원,"경기도 성남시 수정구 위례광장로 310, 7층 705,706,707호 (창곡동, 우성트램타워)",031-606-8579,,외과
위례리본정형외과의원,"경기도 성남시 수정구 위례광장로 320, 6층 611,612,613호 (창곡동, 아이에스센트럴타워)",031-609-5757,,외과
엠에스안과의원,"경기도 성남시 수정구 위례광장로 310, 우성트램타워 우성트램타워 A동 305,306,307,308,309,310호 (창곡동)",02-6672-1001,창곡동,안과
일곱색깔치과의원,"경기도 성남시 수정구 위례동로 153, 3층 304호 (창곡동, 에이플타워)",031-736-2875,,치과
위례어린이치과의원,"경기도 성남시 수정구 위례광장로 320, 606호 (창곡동, 아이에스센트럴타워)",031-752-2879,,치과
올라안과의원,"경기도 성남시 수정구 위례동로 153, 에이플타워 410, 906호 (창곡동)",031-721-2002,창곡동,안과
반트치과교정과치과의원,"경기도 성남시 수정구 위례동로 147, 2층 204호 (창곡동, 위례건아타워)",031-758-7080,,치과
연세탑치과의원,"경기도 성남시 수정구 위례광장로 322, 2층 201호 (창곡동, 아이플렉스)",031-754-2480,,치과
위례연세미소치과의원,"경기도 성남시 수정구 위례동로 153, 5층 505호 (창곡동, 에이플타워)",031-753-2080,,치과
위례민정형외과의원,"경기도 성남시 수정구 위례동로 153, 6층 608호 (창곡동, 에이플타워)",031-8039-5678,,외과
밸런스위례치과의원,"경기도 성남시 수정구 위례광장로 300, 창곡동 509번지 7층 707호 (창곡동)",031-752-7528,창곡동,치과
맑은성모이비인후과의원,"경기도 성남시 수정구 위례광장로 310, B동 3층 303호 (창곡동, 우성트램타워)",031-759-2119,,이비인후과
365위례연세내과의원,"경기도 성남시 수정구 위례동로 153, 4층 404호 (창곡동, 에이플타워)",031-722-0055,,내과
위례플러스이비인후과의원,"경기도 성남시 수정구 위례동로 153, 4층 403호 (창곡동, 에이플타워)",031-753-5550,,이비인후과
위례중앙내과외과의원,"경기도 성남시 수정구 위례광장로 320, 5층 504,505호 (창곡동, 아이에스센트럴타워)",031-758-2300,,내과
위례센트럴이비인후과의원,"경기도 성남시 수정구 위례광장로 320, 5층 515,516호 (창곡동, 아이에스센트럴타워)",031-721-7852,,이비인후과
연세생명나무내과의원,"경기도 성남시 수정구 위례광장로 27, 303,304호 (창곡동, 으뜸프라자)",031-758-1088,,내과
현소아청소년과의원,"경기도 성남시 수정구 위례광장로 320, 6층 619호 (창곡동, 아이에스센트럴타워)",031-755-8275,,소아청소년과
위례삼성정형외과의원,"경기도 성남시 수정구 위례광장로 322, 아이플렉스 3층 302,307,308,309호 (창곡동)",031-778-7973,창곡동,외과
삼성드림아이소아청소년과의원,"경기도 성남시 수정구 위례광장로 310, B동 5층 502호 (창곡동, 우성트램타워)",031-759-9179,,소아청소년과
위례365치과의원,"경기도 성남시 수정구 위례광장로 310, 4층 403,404호 (창곡동, 우성트램타워)",031-755-0365,,치과
위례밝은아이소아청소년과의원,"경기도 성남시 수정구 위례광장로 322, 3층 310호 (창곡동, 아이플렉스)",031-935-6910,,소아청소년과
위례하나이비인후과의원,"경기도 성남시 수정구 위례광장로 310, 우성트램타워 A동 301호, 302 일부호 (창곡동)",031-778-6811,창곡동,이비인후과
서울바른생각치과의원,"경기도 성남시 수정구 위례광장로 310, A동 5층 506,507호 (창곡동, 우성트램타워)",031-752-7525,,치과
위례웰봄소아청소년과의원,"경기도 성남시 수정구 위례광장로 310, A동 407호 (창곡동, 우성트램타워)",031-758-1275,,소아청소년과
위례성모내과의원,"경기도 성남시 수정구 위례광장로 322, 4층 408,409호 (창곡동, 아이플렉스)",031-625-8275,,내과
연세봄이비인후과의원,"경기도 성남시 수정구 위례광장로 310, 5층 503,504호 (창곡동, 우성트램타워)",031-746-7575,,이비인후과
더서울치과의원,"경기도 성남시 수정구 성남대로 1225, 강원빌딩 2층~3층 (수진동)",031-757-1525,수진동,치과
두리이비인후과의원,"경기도 성남시 수정구 위례동로 141, 우성메디피아 305호 일부 (창곡동)",031-722-3777,창곡동,이비인후과
참벗마취통증의학과의원,"경기도 성남시 수정구 위례동로 141, 우성메디피아동 304호 (창곡동)",031-755-7572,창곡동,마취통증의학과
굿패밀리치과의원,"경기도 성남시 수정구 위례동로 141, 6층 (창곡동)",031-759-2879,창곡동,치과
위례탑치과의원,"경기도 성남시 수정구 위례동로 141, 4층 (창곡동)",031-757-2275,창곡동,치과
라라소아청소년과의원,"경기도 성남시 수정구 위례동로 141, 5층 (창곡동)",031-723-0055,창곡동,소아청소년과
서울삼성안과의원,"경기도 성남시 수정구 수정로 116, 4층 (수진동)",031-752-2016,수진동,안과
항도외과의원,"경기도 성남시 수정구 수정로 133, 3,4층 (태평동)",031-753-3000,태평동,외과
위례상쾌한이비인후과의원,"경기도 성남시 수정구 위례동로 141, 5층 505호 (창곡동)",031-8023-5588,창곡동,이비인후과
백세이안치과의원,"경기도 성남시 수정구 수정로 162, 5층 (신흥동)",031-753-7528,신흥동,치과
이지유외과의원,"경기도 성남시 수정구 산성대로 237-1, 3층 (신흥동)",031-759-8275,신흥동,외과
서울좋은치과의원,"경기도 성남시 수정구 수정로 90, 2층 (수진동)",031-755-2828,수진동,치과
서울삼성최내과의원,"경기도 성남시 수정구 수정로 116, 2층 (수진동)",031-757-2882,수진동,내과
서울S치과의원,"경기도 성남시 수정구 수정로 186, 2층 (신흥동)",031-751-2288,신흥동,치과
파티마외과의원,"경기도 성남시 수정구 산성대로 229, 10층 (신흥동)",031-756-9663,신흥동,외과
연세해피이비인후과의원,"경기도 성남시 수정구 산성대로 241, 5층 (신흥동)",031-723-6789,신흥동,이비인후과
연세권이비인후과의원,"경기도 성남시 수정구 수정로 116, 3층 (수진동)",031-753-5075,수진동,이비인후과
오세관정형외과의원,"경기도 성남시 수정구 산성대로 241, 비와이씨 6층 (신흥동)",031-753-5988,신흥동,외과
조은정형외과의원,"경기도 성남시 수정구 성남대로 1237, 지하1,1,2,3층 (태평동)",031-698-2285,태평동,외과
이튼튼치과의원,"경기도 성남시 수정구 수정로 68, 2층 (수진동)",031-722-2804,수진동,치과
서울튼튼치과의원,"경기도 성남시 수정구 산성대로 241, 3층 (신흥동, 비와이씨주건축물제1동)",031-751-2857,신흥동,치과
이젤민트치과의원,"경기도 성남시 수정구 수정로 205, 3층 (태평동)",031-755-5033,태평동,치과
우리정형외과의원,"경기도 성남시 수정구 수정로 118, 2층 (수진동)",031-723-0003,수진동,외과
삼성드림소아청소년과의원,"경기도 성남시 수정구 산성대로 433 (단대동, 2층)",031-735-7355,,소아청소년과
이레치과의원,"경기도 성남시 수정구 산성대로 481 (양지동, 4층)",031-746-3900,,치과
연세노상엽치과의원,"경기도 성남시 수정구 산성대로 429, 3층 (단대동)",031-745-2875,단대동,치과
서울시원한마취통증의학과의원,"경기도 성남시 수정구 산성대로 247, 7-8층 (신흥동)",031-741-7575,신흥동,마취통증의학과
푸른성모이비인후과의원,"경기도 성남시 수정구 수정로 205, 3층 (태평동)",031-758-0758,태평동,이비인후과
세브란스내과의원,"경기도 성남시 수정구 제일로 155, 1층 (수진동)",031-757-8886,수진동,내과
라인플란트치과의원,"경기도 성남시 수정구 산성대로 267, 302호 (신흥동)",031-747-7528,신흥동,치과
인생플란트치과의원,"경기도 성남시 수정구 성남대로 1228, 해광빌딩 4층 일부, 5층 (수진동)",031-723-7522,수진동,치과
신상건신경과의원,경기도 성남시 수정구 수정로 141-1 (태평동),031-758-2700,태평동,신경과
스파클치과교정과치과의원,"경기도 성남시 수정구 수정로 341, 상가2동 4층 401호 (신흥동)",031-741-7557,신흥동,치과
등마루신경외과의원,"경기도 성남시 수정구 수정로 208, 메드위즈 9층 (신흥동)",031-718-2211,신흥동,외과
이진원치과의원,경기도 성남시 수정구 수정로 115 (태평동),031-752-2214,태평동,치과
마이엠치과의원,"경기도 성남시 수정구 성남대로 1342 (복정동, 가천대학교)",031-755-2835,,치과
성남속편한내과의원,"경기도 성남시 수정구 수정로 208, 4층 (신흥동, 메드위즈)",031-735-1088,,내과
올바른약속치과의원,"경기도 성남시 수정구 산성대로 259, 6층 (신흥동)",031-746-2004,신흥동,치과
우리가족치과의원,"경기도 성남시 수정구 수정로 110, 3층 일부호 (수진동)",0507-1376-2279,수진동,치과
서울플러스치과의원,"경기도 성남시 수정구 산성대로 237-1, 6,7층 (신흥동)",031-754-2879,신흥동,치과
늘푸른피부과의원,경기도 성남시 수정구 산성대로 237-1 (신흥동),031-751-7900,신흥동,피부과
우리들이비인후과의원,"경기도 성남시 수정구 산성대로 313 (신흥동, 나무빌딩4층)",031-721-7361,,이비인후과
이가편한치과의원,"경기도 성남시 수정구 수정로 201, 1층 (태평동, 신세계 쉐덴)",031-752-7541,,치과
e푸른치과의원,"경기도 성남시 수정구 산성대로 495, 2층 (양지동)",031-731-1311,양지동,치과
MK참사랑치과의원,"경기도 성남시 수정구 수정로 59, 3층 (태평동)",031-758-2817,태평동,치과
윤유마취통증의학과의원,"경기도 성남시 수정구 수정로 175, 2층 (태평동, 동일빌딩)",031-753-2282,,마취통증의학과
스마일내과의원,"경기도 성남시 수정구 수정로 141-1, 8층 (태평동)",031-757-7588,태평동,내과
성남척척통증의학과의원,"경기도 성남시 수정구 수정로 112, 2층 (수진동)",031-751-6611,수진동,마취통증의학과
닥터훈치과의원,"경기도 성남시 수정구 산성대로 309, 4층 (신흥동)",031-733-1791,신흥동,치과
사람과치과의원,"경기도 성남시 수정구 수정로 147, 3층 (태평동)",031-756-5005,태평동,치과
라파엘외과의원,"경기도 성남시 수정구 산성대로 309, 5층 (신흥동, 고려빌딩)",031-733-0100,,외과
한솔정형외과의원,"경기도 성남시 수정구 수정로 147, 1층 (태평동)",031-751-7753,태평동,외과
서울OK치과의원,경기도 성남시 수정구 산성대로 257 (신흥동),031-732-2275,신흥동,치과
조은안과의원,"경기도 성남시 수정구 공원로 322, 211호 (신흥동, 신동아파라디움)",031-732-6002,,안과
연세정신건강의학과의원,"경기도 성남시 수정구 수정로 106, 206호 (수진동, SR프라자)",031-752-7225,,정신건강의학과
복정그린치과의원,"경기도 성남시 수정구 복정로 77, 2층 (복정동)",031-751-2822,복정동,치과
에디슨 소아청소년과의원,"경기도 성남시 수정구 수정로 208, 메드위즈 2층 201호, 11층 전체호 (신흥동)",031-744-0055,신흥동,소아청소년과
마음빛정신건강의학과의원,"경기도 성남시 수정구 산성대로 267, 5층 516호 (신흥동)",031-745-7856,신흥동,정신건강의학과
아이숲치과의원,"경기도 성남시 수정구 공원로 322, 2층 222호 (신흥동, 신동아파라디움)",031-734-8111,,치과
이스턴치과의원,"경기도 성남시 수정구 산성대로295번길 1, 4층 (신흥동)",031-736-2275,신흥동,치과
참편한내과의원,"경기도 성남시 수정구 산성대로 247, 4층 (신흥동)",031-735-7588,신흥동,내과
조앤박치과의원,"경기도 성남시 수정구 제일로 165, 2층 (태평동)",031-755-2376,태평동,치과
오층에치과의원,"경기도 성남시 수정구 희망로 551, 5층 501호 (신흥동)",031-721-0005,신흥동,치과
e-조아치과의원,"경기도 성남시 수정구 수정로 185, 7층 (태평동)",031-757-2704,태평동,치과
21C프라자내과의원,"경기도 성남시 수정구 수정로 106, 503호 (수진동)",031-721-3813,수진동,내과
서울하나치과의원,"경기도 성남시 수정구 산성대로 533, 3층 (양지동)",031-734-9200,양지동,치과
루미나르피부과의원,"경기도 성남시 수정구 위례광장로 9-9, 위례우남역 퍼스트푸르지오시티 A동 3층 318,319,320호 (창곡동)",031-755-8277,창곡동,피부과
장소아청소년과의원,"경기도 성남시 수정구 탄리로 120, 2층 (태평동)",031-758-7079,태평동,소아청소년과
산성이사랑치과의원,"경기도 성남시 수정구 수정로 350, 2층 (산성동)",031-733-0009,산성동,치과
행복한정신건강의학과의원,"경기도 성남시 수정구 산성대로 229, 5층,6층 (신흥동)",031-753-5005,신흥동,정신건강의학과
연세이비인후과의원,"경기도 성남시 수정구 수정로 106, 502호 (수진동)",031-721-0635,수진동,이비인후과
문용식치과의원,"경기도 성남시 수정구 산성대로 207 (신흥동, 에드모스)",031-757-2877,,치과
성민치과의원,"경기도 성남시 수정구 공원로 322, 218호 (신흥동, 신동아파라디움)",031-735-2842,,치과
미소래치과의원,"경기도 성남시 수정구 산성대로 527, 2층 (양지동)",031-741-2879,양지동,치과
밝은치과의원,"경기도 성남시 수정구 산성대로 247, 6층 (신흥동)",031-741-2400,신흥동,치과
홍익신경외과의원,"경기도 성남시 수정구 산성대로 223, 일문파이낸스빌딩 3층 (신흥동)",031-745-3400,신흥동,외과
오케이내과의원,"경기도 성남시 수정구 수정로 115 (태평동, 만홍빌딩, 4층)",031-754-7509,,내과
두리치과의원,"경기도 성남시 수정구 수정로 122, 2층 (수진동)",031-758-2822,수진동,치과
성남제일정신건강의학과의원,"경기도 성남시 수정구 수정로 140, 세민빌딩 2층 일부호 (수진동)",031-757-8100,수진동,정신건강의학과
한&진 서울치과의원,경기도 성남시 수정구 성남대로 1275-1 (태평동),031-755-7528,태평동,치과
웰치과의원,경기도 성남시 수정구 논골로 1 (단대동),031-733-7528,단대동,치과
송내과의원,"경기도 성남시 수정구 산성대로 259, 3층 (신흥동)",031-734-8575,신흥동,내과
삼성내과의원,"경기도 성남시 수정구 산성대로 313, 2층 (신흥동, 나무빌딩)",031-747-0208,,내과
오늘안치과의원,"경기도 성남시 수정구 수정로119번길 4, 2,3층 (태평동)",031-753-0753,태평동,치과
한빛치과의원,경기도 성남시 수정구 수정로 115-1 (태평동),031-757-8881,태평동,치과
연세안과의원,"경기도 성남시 수정구 수정로 106, 303호 (수진동)",031-721-0075,수진동,안과
세종부부치과의원,"경기도 성남시 수정구 수정로 121, 2층 (태평동)",031-721-3481,태평동,치과
서울나란이치과의원,"경기도 성남시 수정구 수정로 210, 3층 (신흥동, 제중빌딩)",031-735-1700,,치과
이메디정형외과의원,"경기도 성남시 수정구 남문로 66, 2~3층 (태평동)",031-756-9988,태평동,외과
한길치과의원,"경기도 성남시 수정구 산성대로 435, 3층 (단대동)",031-731-3221,단대동,치과
참내과의원,"경기도 성남시 수정구 산성대로 331, 2층 202, 205호 (신흥동, 한신프라자)",031-742-7809,,내과
이승건치과의원,"경기도 성남시 수정구 산성대로 313, 3층 (신흥동)",031-744-2828,신흥동,치과
수이비인후과의원,"경기도 성남시 수정구 수정로 144, 2층 (수진동)",031-722-5995,수진동,이비인후과
연세센트럴치과의원,"경기도 성남시 수정구 수정로 106, 401호 (수진동)",031-756-3230,수진동,치과
수정형외과의원,"경기도 성남시 수정구 수정로 144, 1,3층 (수진동)",031-758-0700,수진동,외과
행복한e치과의원,"경기도 성남시 수정구 수정로 141-1, 3층 (태평동)",031-753-6803,태평동,치과
전미유정신건강의학과의원,"경기도 성남시 수정구 공원로 322, 227호 (신흥동, 신동아파라디움)",031-743-2111,,정신건강의학과
태평수소아청소년과의원,"경기도 성남시 수정구 수정로 115-1, 5층 (태평동)",031-753-7534,태평동,소아청소년과
손치과의원,경기도 성남시 수정구 수정로 130 (수진동),031-757-2858,수진동,치과
백상치과의원,경기도 성남시 수정구 수정로 202 (신흥동),031-754-7522,신흥동,치과
성남치과의원,"경기도 성남시 수정구 수정로 219-1, 2층 (태평동)",031-722-2888,태평동,치과
르네이비인후과의원,"경기도 성남시 수정구 산성대로 249, 4층 (신흥동)",031-733-8112,신흥동,이비인후과
성림치과의원,"경기도 성남시 수정구 수정로 346, 3층 (산성동)",031-748-0123,산성동,치과
고려정형외과의원,"경기도 성남시 수정구 산성대로 517, 2층 (양지동)",031-741-3100,양지동,외과
허윤외과의원,"경기도 성남시 수정구 희망로 551, C1블럭동 2층 201호, 203호 (신흥동)",031-749-0133~4,신흥동,외과
연세미소치과의원,"경기도 성남시 수정구 산성대로 491, 2층 (양지동)",031-742-6926,양지동,치과
연세플러스내과의원,"경기도 성남시 수정구 수정로 162, 2,3,4층 (신흥동)",031-755-0875,신흥동,내과
상아항외과의원,"경기도 성남시 수정구 수정로 115, 5층 (태평동, 만홍빌딩)",031-751-7175,,외과
남서울치과의원,"경기도 성남시 수정구 산성대로 433, 5층 (단대동)",031-748-7028,단대동,치과
우리들치과의원,경기도 성남시 수정구 산성대로 249 (신흥동),031-749-2875,신흥동,치과
연세마취통증의학과의원,"경기도 성남시 수정구 수정로 106, 501호 (수진동)",031-755-6399,수진동,마취통증의학과
연세행복한산부인과의원,"경기도 성남시 수정구 수정로 106, SR프라자 502-1호 (수진동)",031-751-9696,수진동,산부인과
연세고른이치과교정과치과의원,"경기도 성남시 수정구 공원로 322, 214호 (신흥동, 신동아파라디움)",031-749-2828,,치과
연세내과의원,"경기도 성남시 수정구 수정로 106, 수진동 SR프라자 2층 202,203,204호 (수진동)",031-753-8275,수진동,내과
박경수치과의원,"경기도 성남시 수정구 남문로 65, 5층 (태평동)",031-754-9316,태평동,치과
아름다운눈안과의원,"경기도 성남시 수정구 수정로 210, 2층 (신흥동)",031-734-1541,신흥동,안과
박정금소아청소년과의원,"경기도 성남시 수정구 수정로 358, 2층 (산성동)",031-733-5811,산성동,소아청소년과
김남윤치주과치과의원,"경기도 성남시 수정구 수정로 290, 3층 (신흥동)",031-747-2275,신흥동,치과
조인스모외과의원,"경기도 성남시 수정구 시민로 138, 3층 (신흥동)",031-746-9171,신흥동,외과
예나산부인과의원,"경기도 성남시 수정구 산성대로 331, 203호 (신흥동, 한신프라자)",031-730-2018,,산부인과
태평백치과의원,"경기도 성남시 수정구 성남대로 1227, 3층 (수진동)",031-755-3606,수진동,치과
정지섭마취통증의학과의원,"경기도 성남시 수정구 산성대로 481, 4층 (양지동)",031-743-1339,양지동,마취통증의학과
최영주소아청소년과의원,"경기도 성남시 수정구 수정로 81, 2층 202호 (태평동, 동인트루빌)",031-731-4409,,소아청소년과
박해일정형외과의원,"경기도 성남시 수정구 수정로 322, 2층 (산성동)",031-736-2217~9,산성동,외과
굿모닝치과의원,"경기도 성남시 수정구 수정로 81, 201호 (태평동, 동인트루빌)",031-734-2225,,치과
태평연세치과의원,"경기도 성남시 수정구 성남대로 1222, 예농빌딩 2층 일부층 (수진동)",031-751-6812,수진동,치과
청치과의원,"경기도 성남시 수정구 산성대로 237, 2층 (신흥동)",031-755-2875,신흥동,치과
수정내과의원,"경기도 성남시 수정구 수정로 181 (태평동, 성남빌딩)",031-756-4034,,내과
한솔치과의원,"경기도 성남시 수정구 탄리로 120, 4층 (태평동, 오거리빌딩)",031-757-7737,,치과
중앙치과의원,"경기도 성남시 수정구 제일로 165-1, 2층 (태평동)",031-753-7216,태평동,치과
세브란스치과의원,"경기도 성남시 수정구 청계산로 689, 3층 305호 (고등동)",031-748-7054,고등동,치과
그린치과의원,"경기도 성남시 수정구 수정로 190, 3층 (신흥동)",031-755-8237,신흥동,치과
박상균내과의원,"경기도 성남시 수정구 수정로 137, 2층 (태평동)",031-721-1617,태평동,내과
e-플랜트치과의원,경기도 성남시 수정구 수정로 208 (신흥동),031-744-2804,신흥동,치과
현부부치과의원,"경기도 성남시 수정구 산성대로 311, 2층 일부 (신흥동)",031-741-2275,신흥동,치과
안주영소아청소년과의원,"경기도 성남시 수정구 위례광장로 310, B동 402호 (창곡동, 우성트램타워)",031-757-3988,,소아청소년과
오필선치과의원,"경기도 성남시 수정구 수정로 356, 3층 (산성동)",031-745-2828,산성동,치과
수정치과의원,"경기도 성남시 수정구 수정로 144, 3층 (수진동)",031-752-3891,수진동,치과
페리오플란트치과의원,경기도 성남시 수정구 산성대로 269 (신흥동),031-734-5389,신흥동,치과
김안과의원,"경기도 성남시 수정구 수정로 182, 2층 (신흥동)",031-721-8932,신흥동,안과
박성원치과의원,"경기도 성남시 수정구 수정로 179-1, 2층 (태평동)",031-722-1293,태평동,치과
백정형외과의원,"경기도 성남시 수정구 수정로 210, 4층 (신흥동)",031-748-5116,신흥동,외과
남형근소아청소년과의원,"경기도 성남시 수정구 공원로 322, 184,185호 (신흥동, 신동아파라디움)",031-734-5582,,소아청소년과
유정일치과의원,"경기도 성남시 수정구 수정로 167, 2층 (태평동)",031-755-9873,태평동,치과
365프렌즈내과의원,"경기도 성남시 수정구 위례동로 147, 5층 505호 (창곡동, 위례건아타워)",031-731-6614,,내과
한상준치과의원,"경기도 성남시 수정구 수정로 97, 2층 (태평동)",031-758-9705,태평동,치과
계정이비인후과의원,경기도 성남시 수정구 수정로 121 (태평동),031-758-7163,태평동,이비인후과
이정욱피부과의원,"경기도 성남시 수정구 위례광장로 310, 우성트램타워 B동 4층 401호 (창곡동)",031-757-3621,창곡동,피부과
베스트치과의원,"경기도 성남시 수정구 산성대로 267, 5층 520~524호 (신흥동)",031-734-0474,신흥동,치과
구석모내과의원,경기도 성남시 수정구 수정로 115-1 (태평동),031-754-8468,태평동,내과
윤동현내과의원,"경기도 성남시 수정구 산성대로 305, 206-213호 (신흥동, 삼부르네상스파크Ⅱ)",031-744-0238,,내과
김이비인후과의원,"경기도 성남시 수정구 공원로 322, 2층 (신흥동, 신동아파라디움)",031-746-5882,,이비인후과
에이스치과의원,"경기도 성남시 수정구 수정로 142, 2층 (수진동)",031-758-2875,수진동,치과
이상일이비인후과의원,"경기도 성남시 수정구 수정로 188, 2층 (신흥동)",031-757-5611,신흥동,이비인후과
현성욱치과의원,"경기도 성남시 수정구 성남대로 1330, 일성오퍼스원 2층 201,202,203호 (태평동)",031-754-7528,태평동,치과
서헌치과의원,"경기도 성남시 수정구 수정로 188, 2층 일부호 (신흥동)",031-757-2310,신흥동,치과
박애치과의원,"경기도 성남시 수정구 산성대로215번길 3, 관서형빌딩 7층 (신흥동)",031-749-6393,신흥동,치과
동산치과의원,"경기도 성남시 수정구 수정로 194, 2층 (신흥동)",031-756-7488,신흥동,치과
태평산부인과의원,"경기도 성남시 수정구 수정로 133, 1층 (태평동)",031-753-9870,태평동,산부인과
이빛나치과의원,"경기도 성남시 수정구 산성대로 331, 2층 (신흥동, 한신프라자)",031-730-2014,,치과
김정혜산부인과의원,"경기도 성남시 수정구 산성대로 289, 3층 (신흥동)",031-744-7147,신흥동,산부인과
조피부과의원,"경기도 성남시 수정구 수정로 167, 3층 (태평동)",031-756-3830,태평동,피부과
조치과의원,"경기도 성남시 수정구 시민로 135, 3층 (신흥동)",031-757-1515,신흥동,치과
임안과의원,"경기도 성남시 수정구 수정로 167, 3층 (태평동)",031-756-5300,태평동,안과
정다운산부인과의원,경기도 성남시 수정구 산성대로295번길 3 (신흥동),031-747-9944,신흥동,산부인과
현대치과의원,"경기도 성남시 수정구 산성대로 239, 2층 (신흥동)",031-757-3418,신흥동,치과
성심치과의원,"경기도 성남시 수정구 산성대로 263, 2,3층 (신흥동)",031-747-4340,신흥동,치과
상쾌한이비인후과의원,"경기도 성남시 수정구 수정로 273, 2층 (신흥동)",031-734-7818,신흥동,이비인후과
상아치과의원,경기도 성남시 수정구 산성대로 285 (신흥동),031-747-7202,신흥동,치과
위례재활의학과병원,"경기도 성남시 수정구 위례서일로 6, 6층~9층 (창곡동)",031-751-0660,창곡동,재활의학과
위례서울치과병원,"경기도 성남시 수정구 위례광장로 310, B동 8층 801~804호 (창곡동, 우성트램타워)",0507-1397-2701,,치과
드림성모이비인후과의원,"경기도 성남시 중원구 광명로 319, 3층 (금광동)",031-8039-7507,금광동,이비인후과
고려탑신경외과의원,"경기도 성남시 중원구 성남대로1139번길 6, 1,2층 일부호 (성남동)",031-758-7575,성남동,외과
상일치과의원,"경기도 성남시 중원구 광명로 322, 2층 (금광동)",031-698-2375,금광동,치과
장새로내과의원,"경기도 성남시 중원구 금빛로 43, 401~405호 (금광동)",031-734-7760,금광동,내과
더정성치과의원,"경기도 성남시 중원구 광명로 331, 5층 (금광동)",031-749-7528,금광동,치과
서울바로본치과의원,"경기도 성남시 중원구 광명로 319, 2층 (금광동)",031-734-2879,금광동,치과
서울아산내과의원,"경기도 성남시 중원구 광명로 176, 202,203,204호 (중앙동, 신흥역하늘채랜더스원아파트)",031-626-6500,,내과
이숲치과의원,"경기도 성남시 중원구 금빛로 43, 5층 501,502,505호 (금광동)",031-736-2879,금광동,치과
삼성귀요미소아청소년과의원,"경기도 성남시 중원구 금빛로 43, 3층 301호 (금광동)",031-8039-6789,금광동,소아청소년과
마디신경외과의원,"경기도 성남시 중원구 성남대로 1126, 메가프라자 2층 204호 (성남동)",031-721-1236,성남동,외과
유엘치과의원,"경기도 성남시 중원구 금상로96번길 2, 2층 (상대원동)",031-748-2275,상대원동,치과
위소아청소년과의원,"경기도 성남시 중원구 양현로 409, 어반스퀘어 201,202호 (여수동)",031-753-7585,여수동,소아청소년과
모란마취통증의학과의원,"경기도 성남시 중원구 광명로 2, 3층 (성남동)",031-755-2013,성남동,마취통증의학과
모란상아치과의원,"경기도 성남시 중원구 산성대로 106, 원진빌딩 4층 (성남동)",031-778-7834,성남동,치과
서울금빛치과의원,"경기도 성남시 중원구 광명로 320, 2층 (금광동)",031-606-2828,금광동,치과
서울단오치과의원,"경기도 성남시 중원구 산성대로 380, 7층 (금광동)",031-742-2080,금광동,치과
고든정형외과의원,"경기도 성남시 중원구 광명로 333, 서광빌딩 2층3층 일부호 (금광동)",031-732-0880,금광동,외과
모란서울통정형외과의원,"경기도 성남시 중원구 성남대로 1129, 하나빌딩 4층5층 일부호 (성남동)",031-607-5000,성남동,외과
수서울내과의원,"경기도 성남시 중원구 산성대로 380, 5층 (금광동)",031-748-1112,금광동,내과
위드유정신건강의학과의원,"경기도 성남시 중원구 성남대로 1132, 모란역 센트럴스퀘어 401~403호 (성남동)",031-778-6698,성남동,정신건강의학과
바른플란트치과교정과치과의원,"경기도 성남시 중원구 성남대로 1132, 모란역 센트럴스퀘어 305~309호 (성남동)",031-722-2811,성남동,치과
바로나은내과의원,"경기도 성남시 중원구 양현로 409, 어반스퀘어 501~506호 (여수동)",031-751-7544,여수동,내과
베스트치과의원,"경기도 성남시 중원구 성남대로 1146, 구정빌딩 4층 401호 (성남동)",031-604-2879,성남동,치과
에스씨(SC)탑 치과의원,"경기도 성남시 중원구 양현로 409, 어반스퀘어 203,204호 (여수동)",031-755-2979,여수동,치과
라미치과의원,"경기도 성남시 중원구 둔촌대로 84, 5층 501,502호 (성남동)",031-607-9800,성남동,치과
아이엠정형외과의원,"경기도 성남시 중원구 희망로 380, 1,2,3,4,5층 (상대원동)",031-697-8220,상대원동,외과
두리이비인후과의원,"경기도 성남시 중원구 양현로 409, 어반스퀘어 6층 603호 일부604~606호 (여수동)",031-752-1222,여수동,이비인후과
아산유재활의학과의원 유한의원,"경기도 성남시 중원구 양현로 409, 어반스퀘어 701~706호 (여수동)",031-722-0815,여수동,재활의학과
아산유재활의학과의원 유한의원,"경기도 성남시 중원구 양현로 409, 어반스퀘어 7층 701~706호 (여수동)",031-722-0815,여수동,재활의학과
나의특별한치과의원,"경기도 성남시 중원구 성남대로 1133, 성남 메트로칸, 2층 2-13호,2-14호,2-15호,2-16호 (성남동)",031-603-2828,성남동,치과
스마일플란트치과의원,"경기도 성남시 중원구 사기막골로 99, B102~103호 (상대원동)",031-789-6828,상대원동,치과
이광우신경과의원,"경기도 성남시 중원구 둔촌대로 84, 708,709호 (성남동)",031-755-3215,성남동,신경과
강남재활의학과의원,"경기도 성남시 중원구 광명로 299, 행림빌딩 2층 202~205호 (금광동)",031-733-7588,금광동,재활의학과
현정신건강의학과의원,"경기도 성남시 중원구 둔촌대로 84, 601호 (성남동)",031-758-0575,성남동,정신건강의학과
희망등대치과의원,"경기도 성남시 중원구 둔촌대로 84, 201호 (성남동)",031-755-1993,성남동,치과
서울정성치과의원,"경기도 성남시 중원구 성남대로1148번길 2, 소평빌딩 (성남동)",031-751-7522,성남동,치과
웃자치과교정과치과의원,"경기도 성남시 중원구 성남대로 1156, 3,4,5층 (성남동)",031-606-0282,성남동,치과
온세치과의원,"경기도 성남시 중원구 광명로 59, 2층 (성남동)",031-757-2875,성남동,치과
정은치과의원,"경기도 성남시 중원구 광명로 2, 2층 (성남동)",031-609-2872,성남동,치과
마마라정신건강의학과의원,"경기도 성남시 중원구 성남대로 1144, 3층 (성남동)",031-602-1275,성남동,정신건강의학과
도촌행복정형외과의원,"경기도 성남시 중원구 도촌로 8, 2층 201~203호 (도촌동)",031-755-6500,도촌동,외과
100세 플란트치과의원,"경기도 성남시 중원구 은이로5번길 1, 건영빌딩 7층 (은행동)",031-608-7575,은행동,치과
세림피부과의원,"경기도 성남시 중원구 산성대로 360, 7층 (중앙동)",031-743-7009,중앙동,피부과
유경정신건강의학과의원,"경기도 성남시 중원구 성남대로 1146, 4층 (성남동, 구정빌딩)",031-759-5777,,정신건강의학과
바로힐마취통증의학과의원,"경기도 성남시 중원구 금상로 18 (상대원동, 메디원 빌딩)",031-747-8575,,마취통증의학과
신 사랑치과의원,"경기도 성남시 중원구 금빛로 101, 2층 (금광동)",031-733-0882,금광동,치과
서울김안과의원,"경기도 성남시 중원구 은이로5번길 1, 건영빌딩 5층 (은행동)",031-732-8626,은행동,안과
서울바른내과의원,"경기도 성남시 중원구 희망로 336 (상대원동, 금진빌딩)",031-736-1700,,내과
도촌베스트치과의원,"경기도 성남시 중원구 도촌남로 27, 동강프라자 404호 (도촌동)",031-754-7575,도촌동,치과
고려척척마취통증의학과의원,"경기도 성남시 중원구 성남대로 1146, 5층 (성남동, 구정빌딩)",031-759-7582,,마취통증의학과
다시젊어지는 치과의원,"경기도 성남시 중원구 성남대로 1127, 한성빌딩 2층,3층 일부호 (성남동)",031-759-0088,성남동,치과
이든소아청소년과의원,"경기도 성남시 중원구 도촌남로 33, 202호.203-1호 (도촌동, 세일프라자)",031-754-7557,,소아청소년과
삼성바른내과의원,"경기도 성남시 중원구 광명로 5, 101호 (성남동, 성남동메디칼센타)",031-721-8720,,내과
웰치과의원,"경기도 성남시 중원구 광명로 333, 서광빌딩 4층 (금광동)",1833-5528,금광동,치과
센트럴치과의원,"경기도 성남시 중원구 여수울로15번길 4-2, 4층 (여수동)",031-754-3331,여수동,치과
열린이비인후과의원,"경기도 성남시 중원구 양현로 469, 402호 (여수동)",031-754-7979,여수동,이비인후과
허리편한신경외과의원,"경기도 성남시 중원구 은이로5번길 1, 3층.4층 (은행동)",031-731-8733,은행동,외과
연세봄치과의원,"경기도 성남시 중원구 산성대로 450, 4층 (금광동)",031-731-2788,금광동,치과
크리스마스치과의원,"경기도 성남시 중원구 산성대로 530, 6층 (은행동)",031-742-2275,은행동,치과
삼성으뜸정형외과의원,"경기도 성남시 중원구 둔촌대로 272, 지하1층.2~5층 (하대원동)",031-698-2175,하대원동,외과
미래성모이비인후과의원,"경기도 성남시 중원구 산성대로 526, 가동 2층 1호 (은행동)",031-749-8575,은행동,이비인후과
키즈엠소아청소년과의원,"경기도 성남시 중원구 양현로 469, 3층 302호 (여수동)",031-753-7582,여수동,소아청소년과
바른손치과의원,"경기도 성남시 중원구 양현로405번길 5, 2층 201호 (여수동, 신야탑푸르지오시티)",031-602-2275,,치과
연세아이맘소아청소년과의원,"경기도 성남시 중원구 은이로5번길 1, 건영빌딩 지하1층,2층 (은행동)",031-731-0088,은행동,소아청소년과
탑부부치과의원,"경기도 성남시 중원구 금상로 18, 4층 (상대원동)",031-743-7528,상대원동,치과
서울수치과의원,"경기도 성남시 중원구 광명로 347, 2층 (금광동, 형제빌딩 2층일부)",031-731-2821,,치과
나비치과의원,"경기도 성남시 중원구 사기막골로 124, 메가동 B2층 B203호 (상대원동, SKn테크노파크)",031-776-0428,,치과
마음속내과 의원,"경기도 성남시 중원구 성남대로1130번길 3, 엠스퀘어빌딩 3층일부,4층 (성남동)",031-757-3800,성남동,내과
덴플러스치과의원,"경기도 성남시 중원구 성남대로1130번길 3, 엠스퀘어빌딩 502호 (성남동)",031-752-7502,성남동,치과
모란정신건강의학과의원,"경기도 성남시 중원구 성남대로1130번길 3, 5층 501호 (성남동, 엠스퀘어)",031-759-1144,,정신건강의학과
플러스원치과의원,"경기도 성남시 중원구 광명로323번길 4, 3층 (금광동)",031-746-2877,금광동,치과
모란피부과의원,"경기도 성남시 중원구 성남대로 1133, 3층 324~327호 (성남동, 성남메트로칸)",031-757-2700,,피부과
유치과의원,경기도 성남시 중원구 산성대로378번길 2 (금광동),031-743-2299,금광동,치과
다나이비인후과의원,"경기도 성남시 중원구 금상로 18, 4층 (상대원동)",031-733-2586,상대원동,이비인후과
닥터(Dr.)신치과의원,"경기도 성남시 중원구 갈마치로288번길 14, 성남 SK V1 tower 1층 127호 (상대원동)",031-8035-3355,상대원동,치과
우리희망내과의원,"경기도 성남시 중원구 산성대로 366, 벽산프라자 5,9층 (중앙동)",031-757-1717,중앙동,내과
참조은치과의원,"경기도 성남시 중원구 희망로 348, 3층 (상대원동)",031-743-2875,상대원동,치과
고려드림내과의원,"경기도 성남시 중원구 둔촌대로 84, 7층 (성남동)",031-752-0067,성남동,내과
모란이비인후과의원,"경기도 성남시 중원구 성남대로 1144, 3층 (성남동)",031-721-5020,성남동,이비인후과
온누리소아청소년과의원,"경기도 성남시 중원구 금상로 61, 2층 (금광동)",031-733-7119,금광동,소아청소년과
한국정형외과의원,"경기도 성남시 중원구 산성대로 588, 2층 (은행동)",031-731-6777,은행동,외과
나치과의원,"경기도 성남시 중원구 금상로 7, 3층 (상대원동)",031-745-0205,상대원동,치과
효치과의원,"경기도 성남시 중원구 금상로 17, 2층 (상대원동)",031-741-2875,상대원동,치과
진플란트치과의원,"경기도 성남시 중원구 성남대로 1129 (성남동, 하나빌딩)",031-758-0428,,치과
삼성드림치과의원,"경기도 성남시 중원구 둔촌대로 388, 크란츠 테크노 201호 (상대원동)",031-747-0028,상대원동,치과
도촌치과의원,"경기도 성남시 중원구 도촌남로 33, 403호 (도촌동, 세일프라자)",031-758-2870,,치과
샘물내과의원,"경기도 성남시 중원구 도촌남로 37, 401호 (도촌동, 도촌프라자)",031-759-4554,,내과
성남리더스치과의원,"경기도 성남시 중원구 갈마치로 215, 106~107호일부호 (상대원동, 금강펜테리움IT타워)",031-730-0028,,치과
송도외과의원,"경기도 성남시 중원구 산성대로372번길 14, 3층 (금광동)",031-735-7169,금광동,외과
맑은이비인후과의원,"경기도 성남시 중원구 도촌남로 37, 403호.404호 (도촌동)",031-721-7535,도촌동,이비인후과
솔플란트치과의원,"경기도 성남시 중원구 성남대로 1139, 501호 (성남동, 한일타워)",031-751-6326,,치과
함께하는정신건강의학과의원,"경기도 성남시 중원구 광명로 313, 이화빌딩 3층 (금광동)",031-735-3975,금광동,정신건강의학과
이태광내과의원,"경기도 성남시 중원구 둔촌대로 163, 3층 (성남동)",031-752-9600,성남동,내과
신세계디지털치과의원,"경기도 성남시 중원구 성남대로 1150, 대원빌딩 2층 (성남동)",031-721-2872,성남동,치과
세계로 신경외과의원,"경기도 성남시 중원구 산성대로372번길 14, 2층 (금광동)",031-743-3399,금광동,외과
미담치과의원,경기도 성남시 중원구 사기막골로 124 (상대원동),031-776-3939,상대원동,치과
본이비인후과의원,"경기도 성남시 중원구 성남대로1148번길 2, 소평빌딩 2층 (성남동)",031-755-5080,성남동,이비인후과
보스톤치과의원,"경기도 성남시 중원구 산성대로 208, 3층 (성남동, 수진역환승주자창)",031-751-0275,,치과
오라클피부과의원,"경기도 성남시 중원구 성남대로 1115, 6층 602호 (성남동)",031-745-5575,성남동,피부과
한일정형외과의원,"경기도 성남시 중원구 산성대로 520, 2층 (은행동)",031-747-7585,은행동,외과
행복한내과의원,"경기도 성남시 중원구 금상로 18, 2층 (상대원동)",031-745-8275,상대원동,내과
연세내과의원,"경기도 성남시 중원구 광명로 331, 2층 (금광동)",031-733-8278,금광동,내과
자유신경외과의원,"경기도 성남시 중원구 산성대로 208, 3층 (성남동)",031-753-8380,성남동,외과
이튼치과의원,"경기도 성남시 중원구 광명로 5, 803호 (성남동, 메디컬센터빌딩)",031-751-2855,,치과
박근완치과의원,"경기도 성남시 중원구 산성대로 340-1, 3층 (중앙동, 범원빌딩)",031-744-3333,,치과
청솔이비인후과의원,"경기도 성남시 중원구 희망로 448, 2층 (금광동)",031-742-7582,금광동,이비인후과
연치과의원,"경기도 성남시 중원구 광명로 344, 3층 (금광동)",031-746-2875,금광동,치과
모란새항외과의원,"경기도 성남시 중원구 광명로 5, 7층 701~703호 (성남동)",031-758-8500,성남동,외과
서울아산정형외과의원,"경기도 성남시 중원구 광명로 5, 3층 (성남동)",031-754-0911,성남동,외과
연산부인과의원,"경기도 성남시 중원구 산성대로 492-1, 2층 (은행동)",031-732-0081,은행동,산부인과
다정산부인과의원,"경기도 성남시 중원구 은이로5번길 1, 건영빌딩 6층 (은행동)",031-748-6466,은행동,산부인과
e-아름다운치과의원,"경기도 성남시 중원구 희망로 312, 2층 (상대원동)",031-734-7528,상대원동,치과
서울재활의학과의원,"경기도 성남시 중원구 광명로 327, 2.3.5.6층 (금광동)",031-732-9809,금광동,재활의학과
서울키즈아이치과의원,"경기도 성남시 중원구 산성대로 336-3, 3.4층 (중앙동)",031-743-2255,중앙동,치과
보스톤학년치과의원,"경기도 성남시 중원구 금상로 56, 3층 (상대원동)",031-744-2859,상대원동,치과
좋은치과의원,경기도 성남시 중원구 산성대로 526 (은행동),031-749-5528,은행동,치과
아튼빌치과의원,"경기도 성남시 중원구 둔촌대로 283-1, 2층 (하대원동)",031-755-3202,하대원동,치과
성남이안과의원,"경기도 성남시 중원구 성남대로1148번길 2, 소평빌딩 2층 (성남동)",031-722-3388,성남동,안과
맑은눈안과의원,"경기도 성남시 중원구 산성대로 496, 3층 (은행동)",031-735-3377,은행동,안과
신태식소아청소년과의원,"경기도 성남시 중원구 둔촌대로 274, 1층 127호 (하대원동)",031-759-5275,하대원동,소아청소년과
김지철정형외과의원,"경기도 성남시 중원구 금상로 56, 2층 (상대원동)",031-747-7575,상대원동,외과
윤성치과의원,"경기도 성남시 중원구 산성대로 496, 4층 (은행동)",031-746-2333,은행동,치과
연세하나안과의원,"경기도 성남시 중원구 산성대로372번길 3, 3층 (금광동)",031-733-8275,금광동,안과
연세밝은마음정신건강의학과의원,"경기도 성남시 중원구 산성대로 356, 3층 (중앙동)",031-746-0110,중앙동,정신건강의학과
정든내과의원,"경기도 성남시 중원구 산성대로 360, 5.6층 (중앙동)",031-735-1800,중앙동,내과
연세제일내과의원,"경기도 성남시 중원구 성남대로1148번길 2, 5층 (성남동, 소평빌딩)",031-755-4243,,내과
건강한치과의원,"경기도 성남시 중원구 산성대로372번길 5, 2,3층 일부호 (금광동)",031-748-2875,금광동,치과
사람사랑치과의원,"경기도 성남시 중원구 산성대로 366, 4층 (중앙동)",031-741-2356,중앙동,치과
구소아청소년과의원,"경기도 성남시 중원구 광명로 341, 2층 (금광동)",031-741-9978,금광동,소아청소년과
바른정형외과의원,"경기도 성남시 중원구 산성대로 338-2, 4층~6층 (중앙동)",031-749-6655,중앙동,외과
단아치과의원,"경기도 성남시 중원구 성남대로 1124, 4층 (성남동)",031-755-7522,성남동,치과
메리놀정형외과의원,"경기도 성남시 중원구 금상로 53, 2층 2호 (상대원동)",031-746-7457,상대원동,외과
연세세현내과의원,"경기도 성남시 중원구 산성대로 492, 2층 (은행동)",031-733-5223,은행동,내과
미래치과의원,"경기도 성남시 중원구 성남대로 1137, 2층 (성남동)",031-754-3733,성남동,치과
단아산부인과의원,"경기도 성남시 중원구 광명로 5, 6층 (성남동, 성남동메디칼센타)",031-753-8700,,산부인과
엘에스정형외과의원,"경기도 성남시 중원구 둔촌대로 449, 3층 A306,A307,A308-1A309호 (상대원동, 중앙인더스피아)",031-740-9119,,외과
박춘원산부인과의원,경기도 성남시 중원구 광명로 277 (중앙동),031-747-6558,중앙동,산부인과
뿌리깊은치과의원,"경기도 성남시 중원구 성남대로 1126, 401호 (성남동)",031-753-2875,성남동,치과
한국치과의원,"경기도 성남시 중원구 희망로 344, 2층 (상대원동)",031-746-7522,상대원동,치과
성남성모안과의원,경기도 성남시 중원구 산성대로 350 (중앙동),031-749-1052,중앙동,안과
예원이비인후과의원,"경기도 성남시 중원구 산성대로 352, 3층 301호 (중앙동, 장안빌딩)",031-733-1766,,이비인후과
정재용내과의원,"경기도 성남시 중원구 산성대로 530, 4층.5층 (은행동)",031-741-8575,은행동,내과
좋은이웃린치과의원,"경기도 성남시 중원구 광명로 325, 대성빌딩 3층 (금광동)",031-732-2828,금광동,치과
금동소아청소년과의원,경기도 성남시 중원구 산성대로372번길 3 (금광동),031-734-5678,금광동,소아청소년과
선경치과의원,"경기도 성남시 중원구 금상로 134, 2층 (상대원동)",031-736-2828,상대원동,치과
중동성모내과의원,"경기도 성남시 중원구 산성대로 354, 4,5층 (중앙동)",031-749-7582,중앙동,내과
성도치과의원,"경기도 성남시 중원구 산성대로 354-1, 2층 (중앙동)",031-747-5881,중앙동,치과
하나치과의원,경기도 성남시 중원구 둔촌대로 163 (성남동),031-752-2874,성남동,치과
조현덕내과의원,"경기도 성남시 중원구 성남대로 1137, 4층 (성남동)",031-756-5068,성남동,내과
김동선치과의원,경기도 성남시 중원구 둔촌대로281번길 3 (하대원동),031-753-2855,하대원동,치과
현대재활의학과의원,"경기도 성남시 중원구 둔촌대로 84, 605호~608호 (성남동)",031-745-0275,성남동,재활의학과
은행치과의원,"경기도 성남시 중원구 산성대로582번길 2, 2층 (은행동)",031-732-1561,은행동,치과
복피부과의원,"경기도 성남시 중원구 산성대로 352, 5층 (중앙동)",031-733-8176,중앙동,피부과
사랑의내과소아청소년과의원,"경기도 성남시 중원구 둔촌대로 388, 크란츠 테크노 202-1호 (상대원동)",031-734-4430,상대원동,내과
대원연세이비인후과의원,경기도 성남시 중원구 금상로 4-1 (상대원동),031-735-7575,상대원동,이비인후과
마디필정형외과의원,"경기도 성남시 중원구 산성대로 464, 4.5층 (금광동)",031-745-3070,금광동,외과
도진영치과의원,"경기도 성남시 중원구 금상로 60, 우림빌딩 6층 (상대원동)",031-745-4853,상대원동,치과
이태완치과의원,경기도 성남시 중원구 금상로 120-1 (상대원동),031-743-0725,상대원동,치과
배석주정신건강의학과의원,"경기도 성남시 중원구 광명로 5, 401호 (성남동)",031-722-2156,성남동,정신건강의학과
김동남소아청소년과의원,경기도 성남시 중원구 산성대로 530 (은행동),031-733-1885,은행동,소아청소년과
우성부부치과의원,"경기도 성남시 중원구 금상로 4, 2층 (상대원동)",031-741-1364,상대원동,치과
김선민치과의원,경기도 성남시 중원구 은이로7번길 7 (은행동),031-745-3755,은행동,치과
우리치과의원,경기도 성남시 중원구 자혜로8번길 4 (금광동),031-734-7909,금광동,치과
예치과의원,경기도 성남시 중원구 산성대로372번길 13 (금광동),031-746-2800,금광동,치과
이승주내과의원,"경기도 성남시 중원구 산성대로372번길 9, 원광빌딩 3,4층 (금광동)",031-742-8522,금광동,내과
퍼스트치과의원,"경기도 성남시 중원구 산성대로372번길 3, 3층 (금광동)",031-748-2860,금광동,치과
권이비인후과의원,"경기도 성남시 중원구 광명로 372, 4층 (금광동)",031-734-1437,금광동,이비인후과
보성치과의원,"경기도 성남시 중원구 둔촌대로 449, A동 308호 (상대원동, 중앙인더스피아상가)",031-733-5557,,치과
송산부인과의원,"경기도 성남시 중원구 광명로 339, 2층 (금광동)",031-732-5050,금광동,산부인과
서울치과의원,경기도 성남시 중원구 성남대로 1144 (성남동),031-721-1514,성남동,치과
세란치과의원,"경기도 성남시 중원구 제일로 37, 3층 (성남동)",031-757-5065,성남동,치과
이성원치과의원,"경기도 성남시 중원구 산성대로372번길 14, 2층 (금광동)",031-734-0830,금광동,치과
연세치과의원,"경기도 성남시 중원구 광명로 373, 2층 (금광동)",031-742-8135,금광동,치과
김현소아청소년과의원,"경기도 성남시 중원구 제일로 37, 2층 (성남동)",031-755-4235,성남동,소아청소년과
허안과의원,경기도 성남시 중원구 금상로 7 (상대원동),031-747-9125,상대원동,안과
한기협치과의원,경기도 성남시 중원구 산성대로552번길 11 (은행동),031-748-1451,은행동,치과
서울정형외과의원,"경기도 성남시 중원구 희망로 316, 1, 5,6층 (상대원동)",031-748-8976,상대원동,외과
봄이비인후과의원,"경기도 성남시 중원구 산성대로372번길 13, 2층 (금광동)",031-743-0109,금광동,이비인후과
김명윤치과의원,"경기도 성남시 중원구 성남대로 1142, 3층 (성남동)",031-751-3127,성남동,치과
최기찬치과의원,"경기도 성남시 중원구 성남대로 1126, 206호 (성남동, 메가프라자)",031-754-8918,,치과
이사랑치과의원,"경기도 성남시 중원구 산성대로 360, 4층 (중앙동)",031-742-2435,중앙동,치과
양충모내과의원,경기도 성남시 중원구 산성대로372번길 14 (금광동),031-741-0021,금광동,내과
성남예치과병원,경기도 성남시 중원구 성남대로 1141 (성남동),031-757-9999,성남동,치과
참좋은내과의원,"경기도 성남시 중원구 산성대로372번길 18, 대촌빌딩 4층 (금광동)",031-626-7777,금광동,내과
정다운플란트치과의원,"경기도 성남시 중원구 산성대로372번길 18, 대촌빌딩 5층 (금광동)",031-605-2228,금광동,치과
단대오거리정형외과의원,"경기도 성남시 중원구 산성대로372번길 18, 대촌빌딩 3층 (금광동)",031-735-7585,금광동,외과
연세새로이치과의원,"경기도 성남시 중원구 산성대로372번길 11, 2층 (금광동)",031-623-2828,금광동,치과
닥터한치과의원,"경기도 성남시 중원구 광명로 111, 인성빌딩 302호 (성남동)",031-758-2807,성남동,치과
오늘플란트치과의원,"경기도 성남시 중원구 산성대로 194, 2층 208~211호 (성남동)",031-756-5301,성남동,치과
라온이비인후과의원,"경기도 성남시 중원구 광명로 120, 대연빌딩 3층 (성남동)",031-365-5171,성남동,이비인후과
닥터최 치과보존과 치과의원,"경기도 성남시 중원구 양현로 469, 4층 403호 (여수동)",031-759-7975,여수동,치과
서울최편한내과의원,"경기도 성남시 분당구 백현로 100, 정자아이파크 201,202,203,203-1호 (정자동)",031-719-9846,정자동,내과
수내연세정형외과의원,"경기도 성남시 분당구 황새울로200번길 40, 4층 일부호 (수내동)",031-717-2025,수내동,외과
판교퍼스트정형외과의원,"경기도 성남시 분당구 대왕판교로 660, 유스페이스1 B동 3층 315호,317호호 (삼평동)",031-705-1111,삼평동,외과
한땀성형외과의원,"경기도 성남시 분당구 정자일로198번길 15, 제나프라자 4층 일부호 (정자동)",031-712-1712,정자동,외과
송율정신건강의학과의원,"경기도 성남시 분당구 판교역로 136, 지하2층 B2046,B2050호 (백현동)",031-8039-7270,백현동,정신건강의학과
서현탑정형외과의원,"경기도 성남시 분당구 중앙공원로31번길 42, 서현파크플라자 2층 201,202호 (서현동)",031-625-0123,서현동,외과
오늘유외과의원,"경기도 성남시 분당구 성남대로 349, 시그마타워 7층 일부호 (정자동)",031-718-6541,정자동,외과
파인트리피부과의원,"경기도 성남시 분당구 운중로 140, 메트로골드 502,503호 (운중동)",031-708-2080,운중동,피부과
분당슬기로운마취통증의학과의원,"경기도 성남시 분당구 황새울로258번길 36, 광진프라자 5층 501호, 502호 (수내동)",031-606-8882,수내동,마취통증의학과
서현마디튼튼재활의학과의원,"경기도 성남시 분당구 분당로53번길 9, 2층 204~206호 (서현동)",031-781-7585,서현동,재활의학과
판교새로튼튼재활의학과의원,"경기도 성남시 분당구 대왕판교로606번길 39, 럭스타워 203, 207~210호 (삼평동)",031-781-7588,삼평동,재활의학과
분당삼성정형외과의원,"경기도 성남시 분당구 황새울로258번길 40, 분당수내동빌딩 5층 (수내동)",031-714-0077,수내동,외과
연세마스터정형외과의원,"경기도 성남시 분당구 서현로180번길 26, 서현동 아름빌딩 3층 (서현동)",031-608-1234,서현동,외과
판교제일이비인후과의원,"경기도 성남시 분당구 판교역로 240, 삼환하이펙스A동 127호 (삼평동)",031-778-6425,삼평동,이비인후과
이지브레인 정신건강의학과의원,"경기도 성남시 분당구 분당로53번길 12, 서현나산플라자 3층 304호 (서현동)",031-701-8275,서현동,정신건강의학과
이효근 정신건강의학과의원,"경기도 성남시 분당구 분당로53번길 22, 블루홀플라자 5층 2호 (서현동)",031-702-5253,서현동,정신건강의학과
서울유쾌한정신건강의학과의원,"경기도 성남시 분당구 성남대로331번길 3-3, 젤존타워III 708호 (정자동)",031-698-2089,정자동,정신건강의학과
알파서울안과의원,"경기도 성남시 분당구 판교역로 152, 알파돔타워 지하1층 일부호 (백현동)",1544-5199,백현동,안과
본척척재활의학과의원,"경기도 성남시 분당구 성남대로916번길 5, 관보골든쇼핑스포츠빌딩 2층 일부호 (야탑동)",031-702-8575,야탑동,재활의학과
삼성은내과의원,"경기도 성남시 분당구 성남대로925번길 11, 유니마트 206호 (야탑동)",031-703-7575,야탑동,내과
분당시그니처이비인후과가정의학과의원,"경기도 성남시 분당구 황새울로 332, 분당문화센터 5층 일부호 (서현동)",031-709-5000,서현동,이비인후과
더본안과의원,"경기도 성남시 분당구 야탑로81번길 10, 분당아미고타워 211, 212호 (야탑동)",031-778-7523,야탑동,안과
분당정자굿본재활의학과의원,"경기도 성남시 분당구 정자일로156번길 6, 뉴본타워 204~207호 (정자동)",031-717-0614,정자동,재활의학과
호두정신건강의학과의원,"경기도 성남시 분당구 서현로 184, 엘지분당에클라트 2층 204호 (서현동)",031-546-0020,서현동,정신건강의학과
바른마음유외과의원,"경기도 성남시 분당구 황새울로258번길 41, 2층 일부호 (수내동)",031-719-7775,수내동,외과
속속린내과의원,"경기도 성남시 분당구 동판교로 61, 자유퍼스트프라자2 601, 602, 603호 (백현동)",031-703-7707,백현동,내과
연세웰내과의원,"경기도 성남시 분당구 서현로210번길 20, 코코프라자 서현동 2층 201-5~27호 (서현동)",031-602-5920,서현동,내과
서현삼성산부인과의원,"경기도 성남시 분당구 황새울로342번길 9, 서울문고 4층 (서현동)",031-708-7001,서현동,산부인과
판교봉정형외과의원,"경기도 성남시 분당구 대왕판교로 660, 유스페이스1 305, 209-1호 (삼평동)",031-705-1000,삼평동,외과
판교성모숲정신건강의학과의원,"경기도 성남시 분당구 분당내곡로 151, 삼도타워 402, 403호 (삼평동)",031-603-7003,삼평동,정신건강의학과
분당성모정신건강의학과의원,"경기도 성남시 분당구 돌마로 73, 우방코아 4층 401호 (금곡동)",031-714-7574,금곡동,정신건강의학과
로젠성형외과의원,"경기도 성남시 분당구 야탑로81번길 10, 분당아미고타워 2층 208호 (야탑동)",031-622-0339,야탑동,외과
더블유성형외과의원,"경기도 성남시 분당구 운중로 117, 포모나타워 401호 (운중동)",,운중동,외과
더바른정형외과의원,"경기도 성남시 분당구 미금로 44, 2층 (구미동)",031-714-8588,구미동,외과
서울에스유외과의원,"경기도 성남시 분당구 돌마로 68, 분당프라자 603호 (구미동)",031-711-6875,구미동,외과
분당성모정형외과의원,"경기도 성남시 분당구 분당로53번길 22, 블루홀플라자 2층 (서현동)",031-704-0222,서현동,외과
판교잘보는연세안과의원,"경기도 성남시 분당구 대왕판교로606번길 58, 판교푸르지오월드마크 2-44호, 2-45호 (삼평동)",031-8039-6631,삼평동,안과
삼성린산부인과의원,"경기도 성남시 분당구 대왕판교로606번길 58, 판교푸르지오월드마크 2-46호 (삼평동)",031-8039-7275,삼평동,산부인과
도담소아청소년과의원,"경기도 성남시 분당구 정자일로 248, 2층 204~209호 (정자동, 파크뷰)",031-713-8119,,소아청소년과
서현바른정형외과의원,"경기도 성남시 분당구 서현로 192, 야베스밸리 2층 201~203호 (서현동)",031-701-7585,서현동,외과
봄날에산부인과의원,"경기도 성남시 분당구 야탑로81번길 10, 분당아미고타워 206호 (야탑동)",031-8039-7760,야탑동,산부인과
판교삼성스마트신경과의원,"경기도 성남시 분당구 대왕판교로606번길 41, 프라임스퀘어 602~603호 (삼평동)",031-608-3375,삼평동,신경과
파랑새피부과의원,"경기도 성남시 분당구 수내로 39, 236호 (수내동, 분당지웰푸르지오)",031-698-4171,,피부과
서울샤인이비인후과의원,"경기도 성남시 분당구 돌마로 68, 분당프라자 503,503-1호 (구미동)",031-714-1025,구미동,이비인후과
힐하우스 피부과의원,"경기도 성남시 분당구 분당내곡로 131, 2층 일부호 (백현동)",031-701-7438,백현동,피부과
연세우리내과의원,"경기도 성남시 분당구 판교역로192번길 16, 판교타워 501~502호 (삼평동)",031-602-8200,삼평동,내과
연세지니소아청소년과의원,"경기도 성남시 분당구 장미로 198, 아델파크빌 1층 104-3일부호, 104-4호 (야탑동)",031-707-8008,야탑동,소아청소년과
미금본닥터정형외과의원,"경기도 성남시 분당구 돌마로 87, 골드프라자 5층 501호 (금곡동)",031-715-1119,금곡동,외과
서판교소아청소년과의원,"경기도 성남시 분당구 운중로 253, 티에스로드1 2층 201~203호 (판교동)",031-707-3992,판교동,소아청소년과
성모원내과의원,"경기도 성남시 분당구 야탑로 102, 뉴젠빌원룸텔 201~204호, 206~207호 (야탑동)",031-778-8480,야탑동,내과
판교서울이비인후과의원,"경기도 성남시 분당구 운중로 142, 판교메디칼타워 502, 503호 (운중동)",031-707-8909,운중동,이비인후과
서울용마취통증의학과의원,"경기도 성남시 분당구 판교대장로6길 10, 304호, 309~311호 (대장동)",031-715-7576,대장동,마취통증의학과
웰봄 소아청소년과의원,"경기도 성남시 분당구 판교대장로6길 10, 404호, 409~411호 (대장동)",031-714-3008,대장동,소아청소년과
판교바른내과의원,"경기도 성남시 분당구 판교대장로6길 10, 501~511호 (대장동)",031-711-8567,대장동,내과
모두의 정신건강의학과의원,"경기도 성남시 분당구 황새울로342번길 9, 서울문고 6층 일부호 (서현동)",031-702-5202,서현동,정신건강의학과
공감과분석 정신건강의학과의원,"경기도 성남시 분당구 분당내곡로 131, 판교테크원 2층 일부호 (백현동)",031-601-7595,백현동,정신건강의학과
판교미래내과의원,"경기도 성남시 분당구 운중로 115, 2층 201, 202 호 (운중동)",031-609-1200,운중동,내과
연세김동철성형외과의원,"경기도 성남시 분당구 성남대로 170, 한국프라자 203, 202 일부호 (금곡동)",031-712-2114,금곡동,외과
삼성에스(S)내과의원,"경기도 성남시 분당구 야탑로81번길 10, 분당아미고타워 406, 407호 (야탑동)",031-604-7000,야탑동,내과
연세탑정형외과의원,"경기도 성남시 분당구 판교대장로 84, 펠리씨티-1 지상3층 301호, 305호, 306호 (대장동)",031-717-7575,대장동,외과
삼성마디탑정형외과의원,"경기도 성남시 분당구 성남대로 912, 분당BYC빌딩 3층 일부(305호~310호)호 (야탑동)",031-602-8800,야탑동,외과
동그란이비인후과의원,"경기도 성남시 분당구 판교대장로 84, 펠리씨티-1 3층 303호 (대장동)",031-719-3303,대장동,이비인후과
분당참재활의학과의원,"경기도 성남시 분당구 정자로 88, 성심빌딩 2층 일부호 (정자동)",031-716-7579,정자동,재활의학과
조아산부인과의원,"경기도 성남시 분당구 분당내곡로 117, 크래프톤타워 3층 일부호 (백현동)",031-622-7780~1,백현동,산부인과
리나산부인과의원,"경기도 성남시 분당구 성남대로926번길 6, 야탑 대덕프라자 4층 402호 (야탑동)",031-706-7582,야탑동,산부인과
분당선내과의원,"경기도 성남시 분당구 성남대로331번길 3-9, 백궁프라자3 8층 801호 (정자동)",031-719-0875,정자동,내과
서울기운찬정형외과의원,"경기도 성남시 분당구 돌마로 482, 주영빌딩 4층 (서현동)",031-707-1111,서현동,외과
헤라성형외과의원,"경기도 성남시 분당구 서현로210번길 20, 코코프라자 404호 (서현동)",031-708-8252,서현동,외과
서현정신건강의학과의원,"경기도 성남시 분당구 황새울로335번길 5, 203호 (서현동)",031-698-2127,서현동,정신건강의학과
닥터스피부과의원,"경기도 성남시 분당구 운중로 237, 2층 (판교동)",031-698-3088,판교동,피부과
판교삼성정신건강의학과의원,"경기도 성남시 분당구 판교역로 235, 에이치스퀘어 엔동 N동 203호 (삼평동)",031-696-7715,삼평동,정신건강의학과
오세철정신건강의학과의원,"경기도 성남시 분당구 운중로 118, 스타타워 302호 (운중동)",031-707-5372,운중동,정신건강의학과
분당메디본신경외과의원,"경기도 성남시 분당구 서현로321번길 10, 2층 201호 (서현동)",031-703-7730,서현동,외과
지금여기정신건강의학과의원,"경기도 성남시 분당구 판교역로 184, 1002호 (삼평동)",070-5147-7575,삼평동,정신건강의학과
성모편한내과의원,"경기도 성남시 분당구 불정로376번길 7, 건일빌딩 201호 (서현동)",031-8039-7765,서현동,내과
판교가온산부인과의원,"경기도 성남시 분당구 운중로 142, 판교메디칼타워 402, 403호 (운중동)",031-604-6532,운중동,산부인과
서울리드내과의원,"경기도 성남시 분당구 성남대로926번길 6, 야탑 대덕프라자 606, 607호 (야탑동)",031-704-7582,야탑동,내과
하나이비인후과의원,"경기도 성남시 분당구 분당로53번길 20, 이랜드분당프라자 402호 (서현동)",031-701-1175,서현동,이비인후과
분당정자역정형외과의원,"경기도 성남시 분당구 성남대로331번길 3-3, 젤존타워III 505, 506, 507호 (정자동)",031-713-0513,정자동,외과
분당유외과의원,"경기도 성남시 분당구 돌마로 47, 이코노샤르망 3층 305호, 308호 (금곡동)",031-604-5080,금곡동,외과
분당성모이비인후과의원,"경기도 성남시 분당구 정자일로 100, 2층 206, 207호 (정자동, 미켈란쉐르빌)",031-712-9075,,이비인후과
닥터맘정신건강의학과의원,"경기도 성남시 분당구 성남대로 165, 천사의도시1 오피스텔 3층 306호 (금곡동)",031-717-3776,금곡동,정신건강의학과
청담윤성형외과의원,"경기도 성남시 분당구 성남대로 168, 미도프라자 3층 301호 (금곡동)",031-712-5502,금곡동,외과
윙이비인후과의원,"경기도 성남시 분당구 판교역로 152, 알파돔타워 2층, 지하1층 일부호 (백현동)",031-622-7299,백현동,이비인후과
조은소아청소년과의원,"경기도 성남시 분당구 판교로 374, 스타식스코아2 301호 (삼평동)",031-708-7582,삼평동,소아청소년과
대인외과내과의원,"경기도 성남시 분당구 성남대로779번길 26, 서안빌딩 2,3층 (이매동)",031-778-7026,이매동,내과
분당본내과의원,"경기도 성남시 분당구 성남대로 168, 미도프라자 603호 (금곡동)",031-714-7787,금곡동,내과
성모e안과의원,"경기도 성남시 분당구 운중로 135, 더원스퀘어 503,504호 (운중동)",031-8016-8757,운중동,안과
마음정원 정신건강의학과의원,"경기도 성남시 분당구 대왕판교로606번길 41, 프라임스퀘어 504호 (삼평동)",031-602-7759,삼평동,정신건강의학과
서울아이마음정신건강의학과의원,"경기도 성남시 분당구 백현로101번길 16, 대덕프라자 305호 (수내동)",031-717-9123,수내동,정신건강의학과
서울문정형외과의원,"경기도 성남시 분당구 성남대로331번길 3-3, 젤존타워III 801,802,806호 (정자동)",031-711-7533,정자동,외과
노블정형외과의원,"경기도 성남시 분당구 운중로 249, 3층 일부호(303), 4층, 5층 일부호(502, 503)호 (판교동)",031-896-7575,판교동,외과
씨에스흉부외과의원,"경기도 성남시 분당구 야탑로81번길 10, 분당아미고타워 410호 (야탑동)",031-701-3500,야탑동,외과
서울장앤항외과의원,"경기도 성남시 분당구 돌마로 75, 미금프라자 701호 (금곡동)",031-717-2500,금곡동,외과
분당삼성내과의원,"경기도 성남시 분당구 성남대로 32, 보명프라자 3층 301호, 302호, 303호 (구미동)",031-711-5255,구미동,내과
서울방재활의학과의원,"경기도 성남시 분당구 야탑로81번길 10, 분당아미고타워 412,413호 (야탑동)",031-778-6151,야탑동,재활의학과
판교정신건강의학과의원,"경기도 성남시 분당구 운중로 120, 청호델피노 303호 (운중동)",031-707-7573,운중동,정신건강의학과
성모에이치마취통증의학과의원,"경기도 성남시 분당구 서현로210번길 2, 성지하이츠텔 4층 (서현동)",031-778-7573,서현동,마취통증의학과
초이스이비인후과의원,"경기도 성남시 분당구 돌마로 361, 동신코아빌딩 6층 604호 (수내동)",031-8022-7971,수내동,이비인후과
야탑성모이비인후과의원,"경기도 성남시 분당구 성남대로925번길 11, 유니마트 213,214일부호 (야탑동)",031-778-6858,야탑동,이비인후과
조현우정신건강의학과의원,"경기도 성남시 분당구 백현로101번길 17, 초림프라자 3층 309호 (수내동)",031-717-0900,수내동,정신건강의학과
서울강정형외과의원,"경기도 성남시 분당구 분당내곡로 117, 알파돔타워Ⅳ 3층 306호 (백현동)",031-622-7533,백현동,외과
판교정형외과의원,"경기도 성남시 분당구 판교역로 230, 201,215,216,217,217-1호 (삼평동)",031-698-4675,삼평동,외과
리더스피부과의원,"경기도 성남시 분당구 판교역로 152, 알파돔타워Ⅲ 3층 3-2(서측)호 (백현동)",031-8023-5085,백현동,피부과
코앤코김규식이비인후과의원,"경기도 성남시 분당구 백현로101번길 16, 대덕프라자 2층 216호 (수내동)",031-714-0707,수내동,이비인후과
아라본소아청소년과의원,"경기도 성남시 분당구 내정로 58, 스포라이프 스포츠센타 2층 202호 (정자동)",031-778-8575,정자동,소아청소년과
단비정신건강의학과의원,"경기도 성남시 분당구 대왕판교로606번길 58, 2-26호 (삼평동, 판교푸르지오월드마크)",031-778-7097,,정신건강의학과
고려휴정신건강의학과의원,"경기도 성남시 분당구 성남대로 912, 분당BYC빌딩 301호 (야탑동)",031-604-5500,야탑동,정신건강의학과
서울청정신건강의학과의원,"경기도 성남시 분당구 판교역로 152, 알파돔타워Ⅲ 3층 3-2호 (백현동)",031-602-7500,백현동,정신건강의학과
판교연세힐정형외과의원,"경기도 성남시 분당구 대왕판교로606번길 41, 프라임스퀘어 3층 301~304호 (삼평동)",031-708-7555,삼평동,외과
제이탑정형외과의원,"경기도 성남시 분당구 성남대로779번길 26, 서안빌딩 4~5층 (이매동)",031-702-3333,이매동,외과
판교우리재활의학과의원,"경기도 성남시 분당구 대왕판교로 660, 유스페이스1 311,312호 (삼평동)",031-724-2585,삼평동,재활의학과
이삭정신건강의학과의원,"경기도 성남시 분당구 성남대로331번길 3-3, 젤존타워III 6층 604호 (정자동)",031-719-7889,정자동,정신건강의학과
오케이마취통증의학과의원,"경기도 성남시 분당구 돌마로 47, 이코노샤르망 2층 202,203호 (금곡동)",031-714-8899,금곡동,마취통증의학과
미라클신경외과의원,"경기도 성남시 분당구 판교로255번길 9-22, 판교우림더블유시티 2층 218,223호 (삼평동)",031-8023-5670,삼평동,외과
바른피부과의원,"경기도 성남시 분당구 판교로 435, 동양프라자 305일부,305-1호 (야탑동)",031-609-5500,야탑동,피부과
더엘산부인과의원,"경기도 성남시 분당구 판교역로 152, 알파돔타워 3층 303호, 304호 (백현동)",070-8766-0815,백현동,산부인과
강동우정신건강의학과의원,"경기도 성남시 분당구 성남대로 345, 정자역 프라자빌딩 506호 (정자동)",031-712-0506,정자동,정신건강의학과
연세성형외과의원,"경기도 성남시 분당구 황새울로360번길 28, 은성프라자 3층 304호 (서현동)",031-707-2888,서현동,외과
삼성맑은피부과의원,"경기도 성남시 분당구 대왕판교로606번길 41, 프라임스퀘어 403,404호 (삼평동)",031-698-4016,삼평동,피부과
늘편한하지외과의원,"경기도 성남시 분당구 황새울로 340, 교정공제회 서현빌딩 5층 (서현동)",031-705-0880,서현동,외과
명이비인후과의원,"경기도 성남시 분당구 판교로 435, 동양프라자 304호 (야탑동)",031-608-8800,야탑동,이비인후과
이승철신경외과의원,"경기도 성남시 분당구 성남대로925번길 16, 성남(분당)여객자동차터미널 지상2층 106,107,108호 (야탑동)",031-701-1190,야탑동,외과
분당우리산부인과의원,"경기도 성남시 분당구 성남대로 168, 미도프라자 2층 202, 208호 (금곡동)",031-713-3700,금곡동,산부인과
탑내과의원,"경기도 성남시 분당구 판교로255번길 9-22, 105,106호 (삼평동)",031-628-7788,삼평동,내과
행복한내과의원,"경기도 성남시 분당구 양현로94번길 19, 새남서울조합상가  303호, 304호 (이매동)",031-703-7401,이매동,내과
하나정형외과의원,"경기도 성남시 분당구 내정로 172, 상지상가빌딩 401호 (수내동)",031-714-3312,수내동,외과
서울행복내과의원,"경기도 성남시 분당구 정자로 88, 성심빌딩 2층 (정자동)",031-726-9999,정자동,내과
바른서울안과의원,"경기도 성남시 분당구 느티로 27, 하나플라자빌딩 206호, 207호 (정자동)",031-716-0111,정자동,안과
본탑재활의학과의원,"경기도 성남시 분당구 황새울로335번길 5, 앤 타운빌딩 5층 501호 (서현동)",031-718-8800,서현동,재활의학과
노숙영앤유신경과의원,"경기도 성남시 분당구 서현로210번길 20, 403호 (서현동, 코코프라자)",031-703-5558,,신경과
분당 내마음 정신건강의학과의원,"경기도 성남시 분당구 성남대로 345, 6층 604호 (정자동, 정자역프라자)",031-718-6988,,정신건강의학과
에이스정형외과의원,"경기도 성남시 분당구 운중로 120, 201호,202호 (운중동, 청호델피노)",031-707-0609,,외과
두리이비인후과의원,"경기도 성남시 분당구 성남대로 170, 603호 (금곡동, 한국프라자)",031-714-5050,,이비인후과
더쉼정신건강의학과의원,"경기도 성남시 분당구 대왕판교로606번길 39, 201호,202호 (삼평동, 럭스타워)",031-698-3388,,정신건강의학과
티케이정형외과의원,"경기도 성남시 분당구 동판교로 55, 로제비앙스퀘어 1~5층 일부호 (백현동)",1899-5533,백현동,외과
서울삼성내과의원,"경기도 성남시 분당구 운중로 131, 스타식스 메트로 504호 (운중동)",031-608-4086,운중동,내과
삼성공감정신건강의학과의원,"경기도 성남시 분당구 판교역로192번길 16, 7층 704호, 705호 (삼평동, 판교타워)",031-8017-2035,,정신건강의학과
분당성모신경외과의원,"경기도 성남시 분당구 돌마로 85, 동양프라자 301호 (금곡동)",031-712-8271,금곡동,외과
삼성마취통증의학과의원,"경기도 성남시 분당구 성남대로 168, 203~204호 (금곡동, 미도프라자)",031-712-5398,,마취통증의학과
루비산부인과의원,"경기도 성남시 분당구 황새울로342번길 23, 4층 402호 (서현동, 기영프라자)",031-704-3933,,산부인과
서현신정형외과의원,"경기도 성남시 분당구 서현로 184, 214호 (서현동, 엘지분당에클라트)",031-607-7770,,외과
판교성모내과의원,"경기도 성남시 분당구 운중로 115, 502호 (운중동)",031-707-8275,운중동,내과
리앤업성형외과의원,"경기도 성남시 분당구 분당내곡로 151, 1104일부,1105호 (삼평동)",031-701-0970,삼평동,외과
판교바른신경외과의원,"경기도 성남시 분당구 분당내곡로 131, 2층 일부호 (백현동)",031-381-8572,백현동,외과
연세힐마취통증의학과의원,"경기도 성남시 분당구 백현로101번길 23, 501~502호 (수내동, 미도프라자)",031-714-1575,,마취통증의학과
늘바른정형외과의원,"경기도 성남시 분당구 분당로263번길 39, 레이디파크빌딩 208, 209, 210 일부호 (서현동)",031-702-0717,서현동,외과
늘해랑소아청소년과의원,"경기도 성남시 분당구 내정로17번길 2, 4011호 (정자동, 한솔프라자)",031-714-1772,,소아청소년과
리프트업성형외과의원,"경기도 성남시 분당구 서현로 204, 407,408호 (서현동, 엘지에클라트2)",031-603-6003,,외과
라파이비인후과의원,"경기도 성남시 분당구 분당로263번길 35 (서현동, 서현굿모닝프라자)",031-707-8184,,이비인후과
로아신경과의원,"경기도 성남시 분당구 성남대로 168, 304호 (금곡동, 미도프라자)",031-718-6700,,신경과
엘성형외과의원,"경기도 성남시 분당구 황새울로351번길 10, 여암빌딩 2층 (서현동)",031-703-1400,서현동,외과
황혜원유외과의원,"경기도 성남시 분당구 야탑로81번길 10, 3층 310호 (야탑동, 분당아미고타워)",031-622-0011,,외과
스킨다피부과의원,"경기도 성남시 분당구 백현로 97, 304호 (수내동, 수내동 다운타운)",031-715-7582,,피부과
화인마취통증의학과의원,"경기도 성남시 분당구 분당내곡로 151, 3층 301,302,303,305호 (삼평동, 삼도타워)",031-625-2255,,마취통증의학과
수내본정형외과의원,"경기도 성남시 분당구 백현로101번길 22, 3층 (수내동, 성남농협)",031-712-4770,,외과
수내밝은성모안과의원,"경기도 성남시 분당구 돌마로356번길 3, 그랜드빌딩 4층 405호 (수내동)",031-726-8900,수내동,안과
서현S마취통증의학과의원,"경기도 성남시 분당구 서현로210번길 20, 4층 403-2호 (서현동, 코코프라자)",031-778-7585,,마취통증의학과
W정신건강의학과의원,"경기도 성남시 분당구 판교역로 178, 서건타워 402일부호 (삼평동)",031-8016-6663,삼평동,정신건강의학과
애플산부인과의원,"경기도 성남시 분당구 황새울로 332 (서현동, 분당문화센터 5층일부)",031-8017-8322,,산부인과
리뉴미피부과의원,"경기도 성남시 분당구 성남대로331번길 11-3, 4층 (정자동, 여민빌딩)",031-711-6711,,피부과
콕마취통증의학과의원,"경기도 성남시 분당구 돌마로 43, 메디파크빌딩 501, 601, 701(일부)호 (금곡동)",031-1899-9542,금곡동,마취통증의학과
길마취통증의학과의원,"경기도 성남시 분당구 돌마로366번길 42, 303-A2호 (수내동, 동한프라자)",031-715-9557,,마취통증의학과
신상은정신건강의학과의원,"경기도 성남시 분당구 성남대로926번길 6, 6층 602호 (야탑동, 대덕프라자)",031-706-8131,,정신건강의학과
김소아청소년과의원,"경기도 성남시 분당구 동판교로 92, 2층 202호 (백현동, 백현마을 가상가동)",031-701-8600,백현동,소아청소년과
서울탑내과의원,"경기도 성남시 분당구 돌마로 67, 401호 (금곡동, 금산젬월드)",031-714-2393,,내과
판교연세산부인과의원,"경기도 성남시 분당구 대왕판교로606번길 41, 프라임스퀘어 6층 601호 (삼평동)",031-698-3334,삼평동,산부인과
연세권마취통증의학과의원,"경기도 성남시 분당구 성남대로 45, 3층 일부호 (구미동, SM빌딩)",031-719-3400,,마취통증의학과
메디파크산부인과의원,"경기도 성남시 분당구 돌마로 43, 메디파크빌딩 3층 (금곡동)",031-622-7000,금곡동,산부인과
야탑연세마취통증의학과의원,"경기도 성남시 분당구 야탑로81번길 10, 분당아미고타워 209.210호 (야탑동)",031-622-0700,야탑동,마취통증의학과
우리아이맘정신건강의학과의원,"경기도 성남시 분당구 성남대로 168, 604일부호 (금곡동, 미도프라자)",031-711-2590,,정신건강의학과
하나소아청소년과의원,"경기도 성남시 분당구 미금로 48, 308~309호 (구미동, 오성프라자)",031-714-8890,,소아청소년과
믿음내과의원,"경기도 성남시 분당구 정자로 144, 103~104호 (정자동, 우성4단지상가)",031-719-1108,,내과
준정형외과의원,"경기도 성남시 분당구 성남대로 32, 보명프라자 202~204호, 702호, 703호 (구미동)",031-698-2228,구미동,외과
한빛재활의학과의원,"경기도 성남시 분당구 운중로 122, 골드클래스 503호 (운중동)",031-8016-7170,운중동,재활의학과
이경미산부인과의원,"경기도 성남시 분당구 서현로210번길 14, 유성트윈프라자2차 305,306호 (서현동)",031-781-0070,서현동,산부인과
엠디그린마취통증의학과의원,"경기도 성남시 분당구 성남대로779번길 52, 301~303호 (이매동, 신흥코아)",031-707-4001,,마취통증의학과
서울수내과의원,"경기도 성남시 분당구 돌마로366번길 42, 3(일부)층 301호 (수내동, 동한프라자)",031-712-5375,,내과
메디원내과의원,"경기도 성남시 분당구 성남대로331번길 7, 501호 (정자동, 정자스타빌딩)",1577-5671,,내과
코모키이비인후과의원,"경기도 성남시 분당구 판교대장로6길 10, 305~308호 (대장동)",031-8039-7021,대장동,이비인후과
엠디그린피부과의원,"경기도 성남시 분당구 성남대로779번길 52, 203~206호 305~306호 (이매동, 신흥코아)",031-708-7572,,피부과
더유외과의원,"경기도 성남시 분당구 황새울로335번길 5, 403호 (서현동, 엔타운빌딩)",031-696-1212,,외과
닥터홍이비인후과의원,"경기도 성남시 분당구 대왕판교로 660, 316호 (삼평동, 유스페이스1)",031-628-6750,,이비인후과
준이비인후과의원,"경기도 성남시 분당구 판교로 375, 502호 (삼평동, 메가스페이스1 )",031-8016-7502,,이비인후과
서울믿음재활의학과의원,"경기도 성남시 분당구 성남대로331번길 3-3, 607호 (정자동, 젤존타워3)",031-718-5955,,재활의학과
판교연세피부과의원,"경기도 성남시 분당구 동판교로 59, 301호 (백현동, 자유퍼스트프라자)",031-8017-5252,,피부과
판교연세독수리안과의원,"경기도 성남시 분당구 대왕판교로606번길 39, 럭스타워 501,601,602,603호 (삼평동)",031-8017-1234,삼평동,안과
열린이비인후과의원,"경기도 성남시 분당구 성남대로 32, 201호 (구미동, 보명프라자)",031-712-0575,,이비인후과
미래이비인후과의원,"경기도 성남시 분당구 판교역로 231, 219,220호 (삼평동, 에이치스퀘어 에스동)",031-696-7582,삼평동,이비인후과
서울탑정신건강의학과의원,"경기도 성남시 분당구 성남대로 389, 3층 302호 (정자동, 폴라리스2 )",031-716-2082,,정신건강의학과
심유진이비인후과의원,"경기도 성남시 분당구 대왕판교로606번길 39, 701~702호 (삼평동, 럭스타워)",031-781-8600,,이비인후과
서울미피부과의원,"경기도 성남시 분당구 대왕판교로606번길 39, 1001~1004호 (삼평동, 럭스타워)",1588-3083,,피부과
판교연세내과의원,"경기도 성남시 분당구 판교로 376, 마크시티 퍼플 501~503, 505호 일부호 (삼평동)",031-8016-8338,삼평동,내과
아이들소아청소년과의원,"경기도 성남시 분당구 운중로 235, 201호 202호 (판교동, 나래메디플러스)",031-8017-2524,,소아청소년과
연세더리더스내과의원,"경기도 성남시 분당구 느티로 27, 4층 일부호 (정자동, 하나프라자)",031-711-8795,,내과
이창희소아청소년과의원,"경기도 성남시 분당구 내정로 167, 302호 (수내동, 양지프라임)",031-719-0016,,소아청소년과
새봄이비인후과의원,"경기도 성남시 분당구 운중로 239, 301호 (판교동)",031-8017-7373,판교동,이비인후과
조인정형외과의원,"경기도 성남시 분당구 성남대로 168, 미도프라자 602호 (금곡동)",031-786-0134,금곡동,외과
아이로피부과의원,"경기도 성남시 분당구 운중로 142, 판교메디칼타워 401호 (운중동)",031-8016-1675,운중동,피부과
서울수정신건강의학과의원,"경기도 성남시 분당구 돌마로 67, 402,403호 (금곡동, 금산젬월드)",031-714-7571,,정신건강의학과
삼성편한내과의원,"경기도 성남시 분당구 운중로 233, 202,203호 (판교동, 한솔프라자)",031-703-5075,,내과
유앤아이피부과의원,"경기도 성남시 분당구 판교로 375, 201호,202호,203호 (삼평동, 에메트타운)",031-8016-6020,,피부과
아이린피부과의원,"경기도 성남시 분당구 성남대로 345, 303,304호 (정자동, 정자역프라자빌딩)",031-719-7525,,피부과
분당서울이비인후과의원,"경기도 성남시 분당구 성남대로 168, 402호 (금곡동, 미도프라자)",031-741-0075,,이비인후과
예이비인후과의원,"경기도 성남시 분당구 운중로 118, 402,403일부호 (운중동, 스타타워)",031-8023-5800,,이비인후과
메이저피부과의원,"경기도 성남시 분당구 황새울로351번길 10, 3층 302(일부)호 (서현동, 여얌빌딩)",031-705-7345,,피부과
퍼스트소아청소년과의원,"경기도 성남시 분당구 동판교로 59, 4층 405호 (백현동, 자유퍼스트)",031-8016-7582,,소아청소년과
연세맑은이비인후과의원,"경기도 성남시 분당구 동판교로 61, 자유퍼스트프라자2 401호, 403호 (백현동)",031-709-0075,백현동,이비인후과
노블진내과의원,"경기도 성남시 분당구 돌마로 87, 305호 (금곡동, 골드프라자)",031-719-2579,,내과
휴피부과의원,"경기도 성남시 분당구 야탑로81번길 10, 분당아미고타워 313호 (야탑동)",031-701-1093,야탑동,피부과
연세유효민내과의원,"경기도 성남시 분당구 내정로 167, 305호 (수내동, 양지프라임)",031-718-0702,,내과
채움마취통증의학과의원,"경기도 성남시 분당구 서현로 192, 404호 (서현동, 야베스밸리)",031-781-9988,,마취통증의학과
봄소아청소년과의원,"경기도 성남시 분당구 판교로 372, 405호 (삼평동, 스타식스코아1)",031-8017-7555,,소아청소년과
야탑서울안과의원,"경기도 성남시 분당구 야탑로81번길 10, 402호 (야탑동, 아미고타워)",031-622-1588,,안과
최성림유외과의원,"경기도 성남시 분당구 성남대로 385, 503호 (정자동, 분당클리닉)",031-713-3510,,외과
펄피부과의원,"경기도 성남시 분당구 분당로 43, 2층 일부호 (서현동, 나우빌딩)",031-703-3733,,피부과
분당소아청소년과의원,"경기도 성남시 분당구 중앙공원로39번길 49, 서현 지엔느 203-1호 (서현동)",031-703-3375,서현동,소아청소년과
네이처성형외과의원,"경기도 성남시 분당구 서현로 204, 302호 (서현동, 엘지분당에클라트2차)",031-708-5117,,외과
서현삼성이비인후과의원,"경기도 성남시 분당구 서현로210번길 2, 307호 (서현동, 성지하이츠텔)",031-8016-1412,,이비인후과
분당현피부과의원,"경기도 성남시 분당구 돌마로 68, 502호 (구미동, 분당프라자)",031-717-4770,,피부과
노유석내과의원,"경기도 성남시 분당구 미금로 45, 310호 (구미동, 진도훼미리프라자)",031-714-7512,,내과
이재수신경외과의원,"경기도 성남시 분당구 성남대로 381, 207호 (정자동, 폴라리스빌딩)",031-717-4782,,외과
서울메이피부과의원,"경기도 성남시 분당구 미금로 44, 3층 (구미동, 국민프라자)",031-713-7766,,피부과
서울휴재활의학과의원,"경기도 성남시 분당구 정자일로198번길 15, 402호 (정자동, 제나프라자)",031-717-7375,,재활의학과
메디파크소아청소년과의원,"경기도 성남시 분당구 돌마로 43, 4층 (금곡동, 메디파크빌딩)",031-603-3344,,소아청소년과
연세미금내과의원,"경기도 성남시 분당구 돌마로 73, 502호 (금곡동, 우방코아)",031-717-8175,,내과
서울신경외과재활의학과의원,"경기도 성남시 분당구 돌마로 68, 401호,401-1호,402호,410호,501호,511호 (구미동)",031-786-1666,구미동,외과
분당지상정신건강의학과의원,"경기도 성남시 분당구 돌마로 73, 우방코아 214호 (금곡동)",031-718-3000,금곡동,정신건강의학과
판교성모이비인후과의원,"경기도 성남시 분당구 대왕판교로606번길 58, 2-18호 2-19B호 (삼평동, 판교푸르지오월드마크)",031-712-3317,,이비인후과
로즈피부과의원,"경기도 성남시 분당구 느티로 27, 하나플라자빌딩 601,602호 (정자동)",031-714-9970,정자동,피부과
연세소울정신건강의학과의원,"경기도 성남시 분당구 황새울로342번길 23, 5층 2-1호 (서현동, 기영프라자)",031-781-8620,,정신건강의학과
플러스미피부과의원,"경기도 성남시 분당구 서현로 192, 306호 (서현동, 야베스밸리)",031-698-3300,,피부과
리앤홍이비인후과의원,"경기도 성남시 분당구 성남대로331번길 7, 401호 402-1일부호 (정자동, 정자스타빌딩)",031-714-1077,,이비인후과
예미원피부과의원,"경기도 성남시 분당구 정자일로213번길 19, 201~206호 (정자동, 아이파크분당2)",031-718-7570,,피부과
오월의아침피부과의원,"경기도 성남시 분당구 돌마로 46, 3층 5층 302호 502호 (구미동, 근생빌딩)",031-717-5207,,피부과
연세정정신건강의학과의원,"경기도 성남시 분당구 서현로321번길 10, 3층 (서현동)",031-704-7585,서현동,정신건강의학과
엠에스(MS)성형외과의원,"경기도 성남시 분당구 성남대로 345, 405호,406호 (정자동, 정자역프라자)",031-8022-8800,,외과
연세미피부과의원,"경기도 성남시 분당구 백현로101번길 24, 401호 (수내동, 미도프라자2)",031-715-8188,,피부과
한사랑김경희소아청소년과의원,"경기도 성남시 분당구 중앙공원로40번길 4, 203호 (서현동, 카스스포콤)",031-701-7111,,소아청소년과
분당우태하피부과의원,"경기도 성남시 분당구 돌마로 482, 5층 (서현동, 주영빌딩)",031-781-1675,,피부과
오라클피부과의원,"경기도 성남시 분당구 서현로180번길 13, 601~604호 (서현동, 서현프라자)",031-707-4975,,피부과
정자헌내과의원,"경기도 성남시 분당구 성남대로926번길 6, 4층 406호 (야탑동, 대덕프라자)",031-704-6575,,내과
서지영소아청소년과의원,"경기도 성남시 분당구 미금일로 55, 201호 (구미동, 하얀마을6단지상가동)",031-711-3623,구미동,소아청소년과
서현안과의원,"경기도 성남시 분당구 돌마로 478, 202,203호 (서현동, 효자촌프라자)",031-781-9700,,안과
상쾌한이비인후과의원,"경기도 성남시 분당구 정자일로 248, 501호 (정자동, 파크뷰상가)",031-783-2070,,이비인후과
이앤박내과의원,"경기도 성남시 분당구 돌마로 79, 701호 (금곡동, 썬프라자)",031-718-0875,,내과
이유미산부인과의원,"경기도 성남시 분당구 성남대로 912, 409호 (야탑동, BYC빌딩)",031-783-8770,,산부인과
야탑이비인후과의원,"경기도 성남시 분당구 야탑로81번길 10, 303호,304일부호 (야탑동, 분당아미고타워)",031-622-1901,,이비인후과
베일러연세이비인후과의원,"경기도 성남시 분당구 성남대로 385, 301호 302호 (정자동, 분당클리닉)",031-710-9680,,이비인후과
리즈피부과의원,"경기도 성남시 분당구 성남대로331번길 3-3, 젤존타워III 4층 403호, 404호 (정자동)",031-713-3553,정자동,피부과
장앤전내과이비인후과의원,"경기도 성남시 분당구 내정로173번길 1, 5층 (수내동, 우리은행)",031-715-2688,,내과
분당연세산부인과의원,"경기도 성남시 분당구 내정로 29, 금곡프라자 205호 (정자동)",031-711-1711,정자동,산부인과
지니성형외과의원,"경기도 성남시 분당구 성남대로 345, 정자역프라자 805호 (정자동)",031-757-8252,정자동,외과
마리안과의원,"경기도 성남시 분당구 내정로17번길 2, 4012호 (정자동, 한솔프라자)",031-716-5175,,안과
메트로재활의학과의원,"경기도 성남시 분당구 성남대로 926, 501호 502호 (야탑동, 메트로빌딩)",031-781-6543,,재활의학과
삼성항외과의원,"경기도 성남시 분당구 돌마로 52, 401호 (구미동, MD프라자)",031-714-6588,,외과
이지함피부과의원,"경기도 성남시 분당구 서현로 204, 402,403호 (서현동, 엘지에클라트2)",031-705-2100,,피부과
이권전내과의원,"경기도 성남시 분당구 정자일로 248, 503호 (정자동, 파크뷰)",031-783-3601,,내과
이지연성형외과의원,"경기도 성남시 분당구 성남대로 165, 317호 (금곡동, 천사의도시오피스텔)",031-782-4448,,외과
웰정형외과의원,"경기도 성남시 분당구 정자일로 248, 401호 (정자동, 파크뷰A상가)",031-783-4475,,외과
요셉신경외과의원,"경기도 성남시 분당구 돌마로 52, 403호 (구미동, MD빌딩)",031-712-7696,,외과
아름다운나라피부과의원,"경기도 성남시 분당구 황새울로 332, 6층 일부호 (서현동, 분당문화센터)",031-707-0545,,피부과
연세에덴정신건강의학과의원,"경기도 성남시 분당구 돌마로 47, 409호 (금곡동, 이코노샤르망)",031-713-9434,,정신건강의학과
리지엔피부과의원,"경기도 성남시 분당구 성남대로 385, 501호 (정자동, 분당클리닉빌딩)",031-710-9580,,피부과
라끄리니정신건강의학과의원,"경기도 성남시 분당구 성남대로 385, 504호 (정자동, 분당클리닉빌딩)",031-710-9590,,정신건강의학과
리체내과신경과의원,"경기도 성남시 분당구 성남대로 385, 402호 (정자동, 분당클리닉)",031-710-9510,,내과
김수조피부과의원,"경기도 성남시 분당구 정자일로 240, 407호 (정자동, 월드프라자)",031-717-1017,,피부과
수흉부외과의원,"경기도 성남시 분당구 돌마로 46, 501호 (구미동, 광천프라자)",031-715-7536,,외과
분당재활의학과의원,"경기도 성남시 분당구 성남대로 345, 301호 (정자동, 정자역플라자)",031-711-7595,,재활의학과
분당서울재활의학과의원,"경기도 성남시 분당구 장미로 78, 3층 301호 (야탑동, 시그마3)",031-704-5500,,재활의학과
신지용정신건강의학과의원,"경기도 성남시 분당구 성남대로916번길 7, 301호 (야탑동, 서일빌딩)",031-705-5594,,정신건강의학과
3대정이비인후과의원,"경기도 성남시 분당구 야탑로 95, 2층 (야탑동, 세신옴니코아)",031-709-8400,,이비인후과
고려이비인후과의원,"경기도 성남시 분당구 내정로17번길 2, 4001호 (정자동, 한솔프라자)",031-726-2500,,이비인후과
정자씨앤피차앤박피부과의원,"경기도 성남시 분당구 성남대로331번길 3-13, 502~504호 (정자동, 대명제스트빌딩)",031-715-0061,,피부과
분당박소아청소년과의원,"경기도 성남시 분당구 양현로94번길 21, 304호 (이매동, 분당코아빌딩)",031-702-7585,,소아청소년과
현내과의원,"경기도 성남시 분당구 정자일로 55, 109-311호 (금곡동, 분당두산위브)",031-717-2081,,내과
분당연세내과의원,"경기도 성남시 분당구 성남대로 34, 502호 (구미동, 하나프라자)",031-713-0875,,내과
김태용내과의원,"경기도 성남시 분당구 야탑로81번길 10, 307-1호 (야탑동, 아미고타워)",031-622-1717,,내과
하늘빛안과의원,"경기도 성남시 분당구 내정로 172, 502호 (수내동, 성지상가)",031-719-5556,,안과
네이브키즈연세소아청소년과의원,"경기도 성남시 분당구 야탑로81번길 10, 3층 309-1호, 309-2호 (야탑동, 분당아미고타워)",031-622-1777,,소아청소년과
연세푸른정신건강의학과의원,"경기도 성남시 분당구 야탑로81번길 10, 302호 (야탑동, 아미고타워)",031-622-0707,,정신건강의학과
분당연세플러스안과의원,"경기도 성남시 분당구 성남대로 168, 501호(일부), 502~505호 (금곡동, 미도프라자)",031-714-3232,,안과
e-서울이비인후과의원,"경기도 성남시 분당구 황새울로342번길 11, 401호 402호 (서현동, 금호리빙스텔)",031-706-0270,,이비인후과
푸른숲소아청소년과의원,"경기도 성남시 분당구 돌마로366번길 42, 2층 (수내동, 동한프라자)",031-716-0006,,소아청소년과
무지개소아청소년과의원,"경기도 성남시 분당구 미금로 39, 305,306호 (구미동, 로얄프라자)",031-719-6633,,소아청소년과
연세예정신건강의학과의원,"경기도 성남시 분당구 성남대로 168, 307호 (금곡동, 미도프라자)",031-716-8833,,정신건강의학과
씨앤피차앤박피부과의원,"경기도 성남시 분당구 황새울로342번길 9, 8호 (서현동, 서울문고)",031-709-7229,,피부과
연세김남수안과의원,"경기도 성남시 분당구 백현로101번길 16, 409~413호 (수내동, 대덕프라자)",031-711-0075,,안과
애플소아청소년과의원,"경기도 성남시 분당구 성남대로779번길 50, MDG 1층 (이매동)",031-707-1756,이매동,소아청소년과
연세베스트외과의원,"경기도 성남시 분당구 서현로 192, 403호 (서현동, 야베스밸리)",031-707-7100,,외과
윤호소아과의원,"경기도 성남시 분당구 분당로263번길 39, 206호 (서현동, 레이디파크)",031-781-8575,,소아청소년과
맑은샘서울내과의원,"경기도 성남시 분당구 백현로101번길 23, 402호 (수내동, 미도프라자)",031-719-7749,,내과
연세유앤유외과의원,"경기도 성남시 분당구 서현로 184, 엘지분당에클라트 208호 (서현동)",031-781-6875,서현동,외과
연세리정신건강의학과의원,"경기도 성남시 분당구 서현로 192, 301호 (서현동, 야베스벨리)",031-707-5646,,정신건강의학과
다나이비인후과의원,"경기도 성남시 분당구 돌마로 75, 501호 (금곡동, 미금프라자)",031-719-5665,,이비인후과
서울엔도내과의원,"경기도 성남시 분당구 서현로 184, 213호 (서현동)",031-707-0567,서현동,내과
분당서울내과의원,"경기도 성남시 분당구 돌마로 75, 403호 (금곡동, 미금프라자)",031-712-7700,,내과
리지안안과의원,"경기도 성남시 분당구 돌마로 68, 211호 3층일부호 (구미동, 분당프라자)",031-719-7582,,안과
박병찬피부과의원,"경기도 성남시 분당구 내정로165번길 50, 307호 (수내동, 크리스탈빌딩)",031-719-5500,,피부과
좋은하루외과의원,"경기도 성남시 분당구 돌마로 68, 406~409호 (구미동, 분당프라자)",031-719-8275,,외과
한양내과의원,"경기도 성남시 분당구 돌마로 68, 404호 (구미동, 분당프라자)",031-718-8875,,내과
코앤코이비인후과의원,"경기도 성남시 분당구 백현로101번길 24, 301,402호 (수내동, 미도프라자2)",031-713-0100,,이비인후과
좋은항외과의원,"경기도 성남시 분당구 성남대로 926, 306,307호 (야탑동, 메트로빌딩)",031-706-4504,,외과
맑은세상정신건강의학과의원,"경기도 성남시 분당구 성남대로 38, 403호 (구미동, 비즈바이코리아)",031-715-4569,,정신건강의학과
신유호정신건강의학과의원,"경기도 성남시 분당구 분당로53번길 9, 301호 (서현동, 에이원프라자)",031-706-4824,,정신건강의학과
메디파크내과의원,"경기도 성남시 분당구 돌마로 43, 메디파크빌딩 4층 401-1호, 401-3호, 401-4호 (금곡동)",031-605-7200,금곡동,내과
열린정신건강의학과의원,"경기도 성남시 분당구 백현로101번길 23, 302호 (수내동, 미도프라자)",031-714-9515,,정신건강의학과
초림플러스내과의원,"경기도 성남시 분당구 백현로101번길 25, 4층 (수내동)",031-715-4500,수내동,내과
에이엔에이내과의원,"경기도 성남시 분당구 황새울로335번길 5, 301호 (서현동, 앤타운빌딩)",031-704-2121,,내과
미모아피부과의원,"경기도 성남시 분당구 돌마로 67, 309호 (금곡동, 금산젬월드)",031-711-0086,,피부과
연세아름소아과의원,"경기도 성남시 분당구 판교로 442, 402호 (이매동, 우일프라자)",031-781-4101,,소아청소년과
전피부과의원,"경기도 성남시 분당구 돌마로 478, 206호 (서현동, 창인프라자)",031-708-5300,,피부과
연세두리소아청소년과의원,"경기도 성남시 분당구 돌마로 80, 201호 6~8호 (구미동, 현대벤처빌)",031-714-5775,,소아청소년과
소운정신건강의학과의원,"경기도 성남시 분당구 서현로210번길 2, 305호 (서현동, 성지하이츠텔)",031-703-7820,,정신건강의학과
분당서울안과의원,"경기도 성남시 분당구 분당로53번길 20, 이랜드분당프라자 501호 (서현동)",031-781-7400,서현동,안과
서울내과의원,"경기도 성남시 분당구 성남대로 906, 5층 (야탑동, 주택은행내)",031-702-9828,,내과
서울중앙내과의원,"경기도 성남시 분당구 미금로 39, 205~206호 (구미동, 로얄프라자)",031-714-2363,,내과
서울엘피부과의원,"경기도 성남시 분당구 돌마로356번길 3, 308호 (수내동, 그랜드프라자)",031-758-2656,,피부과
노성희산부인과의원,"경기도 성남시 분당구 미금로 45, 206호 (구미동, 진도훼미리프라자)",031-717-4288,,산부인과
서현서울내과의원,"경기도 성남시 분당구 황새울로342번길 11, 403호 404호 (서현동, 금호리빙스텔)",031-706-1771,,내과
분당연세독수리안과의원,"경기도 성남시 분당구 서현로210번길 20, 3층 (서현동, 코코프라자)",031-702-7582,,안과
굿아이연세안과의원,"경기도 성남시 분당구 운중로 249, 301호, 302호 (판교동)",031-463-5777,판교동,안과
김영수내과의원,"경기도 성남시 분당구 백현로 206, 101~103호 (정자동, 한솔근린상가)",031-718-1497,,내과
365에스와이(SY)서울연세이비인후과의원,"경기도 성남시 분당구 서현로210번길 20, 3,4층 305-3,306,402호 (서현동, 코코프라자)",031-704-5275,,이비인후과
YES성형외과의원,"경기도 성남시 분당구 황새울로342번길 9 (서현동, 서울문고)",031-709-2306,,외과
오성숙마취통증의학과의원,"경기도 성남시 분당구 백현로 105, 209호 (수내동, 로얄팰리스하우스빌)",031-711-2589,,마취통증의학과
이응주정형외과의원,"경기도 성남시 분당구 백현로 105, 210호 (수내동)",031-717-2536,수내동,외과
연세모네피부과의원,"경기도 성남시 분당구 분당로53번길 22, 5층 (서현동)",031-709-6354,서현동,피부과
김호수소아과의원,"경기도 성남시 분당구 돌마로356번길 3, 309호 (수내동, 그랜드빌딩)",031-711-5493,,소아청소년과
에스앤유피부과의원,"경기도 성남시 분당구 황새울로200번길 9-7, 201~203호 (수내동)",031-714-0808,수내동,피부과
분당안과의원,"경기도 성남시 분당구 성남대로 912, 분당BYC빌딩 407,408,409-1,410호 (야탑동)",031-703-6464,야탑동,안과
황정형외과의원,"경기도 성남시 분당구 성남대로172번길 12, 306,307호 (금곡동, 한국프라자)",031-716-6543,,외과
큰나무정형외과의원,"경기도 성남시 분당구 미금일로 73, 1층 (구미동)",031-713-8777,구미동,외과
해수소중한아이정신건강의학과의원,"경기도 성남시 분당구 돌마로 68, 405호 (구미동, 분당프라자)",031-717-5545,,정신건강의학과
김홍철이비인후과의원,"경기도 성남시 분당구 정자로 105, 302호 (정자동, 새소망전인교육센타)",031-712-5566,,이비인후과
푸른소아청소년과의원,"경기도 성남시 분당구 서판교로 36, 3층 일부호 (판교동, 화령빌딩)",031-715-3577,,소아청소년과
분당연세이비인후과의원,"경기도 성남시 분당구 돌마로 478, 211호 (서현동, 창인프라자)",031-702-8222,,이비인후과
분당서울외과의원,"경기도 성남시 분당구 황새울로258번길 36, 403호 (수내동, 광진프라자)",031-717-1345,,외과
강욱내과의원,"경기도 성남시 분당구 내정로 170, 408호 (수내동, 동신파크)",031-711-8686,,내과
김기환이비인후과의원,"경기도 성남시 분당구 미금로 48, 305호 (구미동, 오성프라자)",031-719-2653,,이비인후과
성모신경정신건강의학과의원,"경기도 성남시 분당구 성남대로 926, 510호 (야탑동, 메트로빌딩)",031-708-0353,,정신건강의학과
로즈앤성형외과의원,"경기도 성남시 분당구 성남대로 385, 502호 (정자동, 분당클리닉빌딩)",031-709-6333,,외과
우경종정신건강의학과의원,"경기도 성남시 분당구 황새울로312번길 20, 303호 (서현동, 태성빌딩)",031-707-6353,,정신건강의학과
강&서마취통증의학과의원,"경기도 성남시 분당구 황새울로342번길 9, 5층 (서현동, 정현빌딩)",031-781-1146,,마취통증의학과
홍만제정신건강의학과의원,"경기도 성남시 분당구 돌마로 86, 2동 308,309호 (구미동, 엘레강스프라자)",031-718-7775,,정신건강의학과
늘푸른산부인과의원,"경기도 성남시 분당구 돌마로 79, 3층 302~304호 (금곡동, 썬프라자)",031-719-1004,,산부인과
심덕택피부과의원,"경기도 성남시 분당구 돌마로 87, 306~307호 (금곡동, 골드프라자)",031-716-1353,,피부과
성이비인후과의원,"경기도 성남시 분당구 미금로 44, 3층 (구미동, 국민프라자)",031-714-3200,,이비인후과
안기완내과의원,"경기도 성남시 분당구 성남대로 170, 309호 (금곡동, 한국프라자)",031-715-6090,,내과
선내과의원,"경기도 성남시 분당구 돌마로90번길 4, 303호 (구미동, 엘레강스프라자)",031-716-9759,,내과
선우이비인후과의원,"경기도 성남시 분당구 돌마로90번길 4, 305호 (구미동, 엘레강스프라자)",031-717-2010,,이비인후과
정보원안과의원,"경기도 성남시 분당구 돌마로 87, 3층 304호 (금곡동, 골드프라자)",031-717-2020,,안과
탁용준내과의원,"경기도 성남시 분당구 성남대로 926, 407,410호 (야탑동, 분당메트로빌딩)",031-707-7715,,내과
김내과의원,"경기도 성남시 분당구 판교로 433, 301호 (야탑동, 삼성코아)",031-705-4579,,내과
고형기소아청소년과의원,"경기도 성남시 분당구 장미로 139, 201호 (야탑동,  매화마을 공무원아파트상가)",031-706-1350,,소아청소년과
표호수이비인후과의원,"경기도 성남시 분당구 성남대로 926, 503호 (야탑동, 분당메트로빌딩)",031-705-0767,,이비인후과
닥터김이비인후과의원,"경기도 성남시 분당구 내정로 29, 201호 (정자동, 금곡프라자)",031-714-6379,,이비인후과
전내과의원,"경기도 성남시 분당구 내정로 29, 306,307호 (정자동, 금곡프라자)",031-714-7241,,내과
한광선소아청소년과의원,"경기도 성남시 분당구 야탑로 95, 5층 6호 (야탑동, 세신옴니코아)",031-702-7792,,소아청소년과
황혜영소아과의원,"경기도 성남시 분당구 내정로 29, 207호 (정자동, 금곡프라자)",031-712-6603,,소아청소년과
신영피부과의원,"경기도 성남시 분당구 성남대로 926, 601호 (야탑동, 분당메트로빌딩)",031-702-6228,,피부과
차영수피부과의원,"경기도 성남시 분당구 내정로 29, 202호 302~303호 (정자동, 금곡프라자)",031-714-5737,,피부과
홍안과의원,"경기도 성남시 분당구 성남대로 926, 508호 (야탑동, 분당메트로빌딩)",031-707-2580,,안과
배희동내과의원,"경기도 성남시 분당구 내정로17번길 2, 4005호 (정자동, 한솔프라자)",031-713-3118,,내과
최숙경안과의원,"경기도 성남시 분당구 미금로 48, 302호 (구미동, 오성프라자)",031-711-0056,,안과
연세김내과의원,"경기도 성남시 분당구 불정로376번길 37, 304호 (서현동, 범한프라자)",031-701-6113,,내과
구미신경외과의원,"경기도 성남시 분당구 미금로 48, 301호 (구미동, 오성프라자)",031-713-5602,,외과
서울이비인후과의원,"경기도 성남시 분당구 불정로 379, 304호 (서현동, 서현프라자)",031-701-4312,,이비인후과
베일러이화산부인과의원,"경기도 성남시 분당구 성남대로 385, 301호 302호 (정자동, 분당클리닉)",031-710-9670,,산부인과
보경내과의원,"경기도 성남시 분당구 내정로 170, 308호 (수내동, 동신파크빌딩)",031-712-1872,,내과
전소아과의원,"경기도 성남시 분당구 불정로 379, 302호 (서현동, 분당서현프라자)",031-702-4976,,소아청소년과
닥터지피부과의원,"경기도 성남시 분당구 서현로210번길 20, 코코프라자 502호 (서현동)",031-705-4476,서현동,피부과
이봉구피부과의원,"경기도 성남시 분당구 내정로 170, 304호 (수내동, 동신파크빌딩)",031-711-1213,,피부과
홍성우피부과의원,"경기도 성남시 분당구 불정로 381, 303호 (서현동, 동진프라자)",031-702-4824,,피부과
분당여성산부인과의원,"경기도 성남시 분당구 성남대로 926, 403호 404호 (야탑동, 분당메트로빌딩)",031-701-0462,,산부인과
이재민이비인후과의원,"경기도 성남시 분당구 중앙공원로39번길 7, 2층 204호 (서현동, 삼성한신상가)",031-701-3278,,이비인후과
김정규이비인후과의원,"경기도 성남시 분당구 내정로 170, 301,302호 (수내동, 동신파크빌딩)",031-711-9601,,이비인후과
서울사랑니안녕치과의원,"경기도 성남시 분당구 성남대로 934, 궁전프라자2 3층 302호 (야탑동)",031-701-8287,야탑동,치과
케이구강악안면외과치과의원,"경기도 성남시 분당구 구미로 11, 포인트타운 5층 505호 (구미동)",031-713-2879,구미동,외과
마음드림치과의원,"경기도 성남시 분당구 성남대로 926, 분당메트로 7층 703호 (야탑동)",031-705-2879,야탑동,치과
판교 최용훈치과의원,"경기도 성남시 분당구 판교역로 136, B2044, B2052호 (백현동)",031-712-2311,백현동,치과
분당미켈란치과의원,"경기도 성남시 분당구 정자일로 100, 204, 205호 (정자동, 미켈란쉐르빌)",031-717-2835,,치과
서울퍼펙트치과의원,"경기도 성남시 분당구 성남대로916번길 5, 관보골든쇼핑스포츠빌딩 2층 203호 (야탑동)",031-606-2888,야탑동,치과
연세루야치과의원,"경기도 성남시 분당구 내정로165번길 38, 601동 218~219호 (수내동, 양지마을청구아파트)",031-781-2242,,치과
판교서울치과교정과치과의원,"경기도 성남시 분당구 대왕판교로606번길 58, 판교푸르지오월드마크 2-42,2-43호 (삼평동)",031-707-7595,삼평동,치과
바른소아치과치과의원,"경기도 성남시 분당구 운중로 235, 나래메디플러스 502호 (판교동)",031-709-2879,판교동,치과
연세크리스마스치과의원,"경기도 성남시 분당구 판교역로 240, 삼환하이펙스A동 104~105호 (삼평동)",031-778-7579,삼평동,치과
미금세브란스치과의원,"경기도 성남시 분당구 성남대로 151, 분당엠코헤리츠 213,213-1,214호 (구미동)",031-604-2875,구미동,치과
가지런이(e)치과교정과치과의원,"경기도 성남시 분당구 판교대장로7길 16, 620동 지2층 201호 (대장동, 힐스테이트 판교 엘포레 A6BL)",031-714-2828,,치과
연세바로치과교정과치과의원,"경기도 성남시 분당구 내정로165번길 50, 308호 (수내동)",031-717-2275,수내동,치과
더아름다운치과의원,"경기도 성남시 분당구 돌마로 79, 썬프라자 204-1호 (금곡동)",031-605-2875,금곡동,치과
삼성이편한치과의원,"경기도 성남시 분당구 야탑로 94, 4층 일부호 (야탑동)",031-705-2020,야탑동,치과
연세으뜸치과의원,"경기도 성남시 분당구 백현로101번길 25, 수내프라자 2층 (수내동)",031-715-7528,수내동,치과
우리바른치과의원,"경기도 성남시 분당구 판교대장로 92, 판교대장지구 푸리마타워빌딩 주건축물제1동 2층 202호, 203호 (대장동)",031-711-2828,대장동,치과
연세가인치과의원,"경기도 성남시 분당구 판교대장로 84, 펠리씨티-1 201호 (대장동)",031-711-7528,대장동,치과
서울하상운치과교정과치과의원,"경기도 성남시 분당구 돌마로 47, 이코노샤르망 604, 605호 (금곡동)",031-607-2080,금곡동,치과
서울케이유(KU)치과교정과치과의원,"경기도 성남시 분당구 성남대로 168, 미도프라자 33층 302호 (금곡동)",031-717-3505,금곡동,치과
연세바른치과교정과치과의원,"경기도 성남시 분당구 중앙공원로31번길 42, 서현파크플라자 203호 (서현동)",031-701-2833,서현동,치과
서울더믿음치과의원,"경기도 성남시 분당구 돌마로 75, 미금프라자 3층 303호 (금곡동)",031-713-2080,금곡동,치과
서울턱사랑니치과의원,"경기도 성남시 분당구 성남대로 168, 미도프라자 2층 205, 206, 207호 (금곡동)",031-717-7452,금곡동,치과
리앤씨치과의원,"경기도 성남시 분당구 성남대로331번길 3-3, 젤존타워III 3층 307호 (정자동)",031-778-7628,정자동,치과
김호형웃는치과의원,"경기도 성남시 분당구 판교로 446, 그린프라자 2층 (이매동)",031-604-2828,이매동,치과
연세청춘치과의원,"경기도 성남시 분당구 백현로101번길 11, 동현프라자 201호 (수내동)",031-8039-7528,수내동,치과
분당건치과의원,"경기도 성남시 분당구 정자로 13, 월드비터 315호, 317호 (정자동)",031-626-2875,정자동,치과
서울엘리트치과의원,"경기도 성남시 분당구 돌마로 85, 7층 702호 (금곡동)",031-701-7528,금곡동,치과
서울패밀리치과의원,"경기도 성남시 분당구 미금로 39, 로얄프라자 304호 (구미동)",031-726-2882,구미동,치과
보아스치과의원,"경기도 성남시 분당구 성남대로916번길 7, 서일빌딩 501호 (야탑동)",031-604-2800,야탑동,치과
야탑든든한치과의원,"경기도 성남시 분당구 성남대로925번길 11, 유니마트 202호 (야탑동)",031-606-7575,야탑동,치과
연희세브란스치과의원,"경기도 성남시 분당구 성남대로 345, 정자역프라자 2층 202호 (정자동)",031-712-2279,정자동,치과
서울리더스치과의원,"경기도 성남시 분당구 돌마로 67, 금산젬월드 4층 404호 (금곡동)",031-8039-7928,금곡동,치과
연세화이트산타치과의원,"경기도 성남시 분당구 분당로53번길 20, 이랜드분당프라자 2층 (서현동)",,서현동,치과
플란트서울치과의원,"경기도 성남시 분당구 돌마로 43, 메디파크빌딩 7층 701호일부호 (금곡동)",031-602-7575,금곡동,치과
연세선치과의원,"경기도 성남시 분당구 내정로107번길 2, 양지프라자 2층 201호 (정자동)",031-717-8869,정자동,치과
서울크리스탈치과의원,"경기도 성남시 분당구 황새울로 340, 교정공제회 서현빌딩 5층 일부호 (서현동)",031-609-2882,서현동,치과
조웰구강내과치과의원,"경기도 성남시 분당구 돌마로 68, 701,701-1호 (구미동, 분당프라자)",031-712-2275,,내과
제이디치과의원,"경기도 성남시 분당구 돌마로 75, 미금프라자 6층 (금곡동)",031-8039-7523,금곡동,치과
서울D치과교정과치과의원,"경기도 성남시 분당구 백현로 105, 211~213호 (수내동, 로얄팰리스 하우스빌)",031-718-0789,,치과
현대치과의원,"경기도 성남시 분당구 장안로25번길 28, 205호 (분당동, 건영상가)",031-701-4233,,치과
연세타워치과의원,"경기도 성남시 분당구 판교로227번길 6, 118~121호 (삼평동, 브릿지 타워)",031-604-2282,,치과
나무하나치과의원,"경기도 성남시 분당구 불정로 260, 302호 304호 (수내동, 장터조합상가)",031-711-2844,,치과
연세우리치과의원,"경기도 성남시 분당구 황새울로 325, 304호,305호 (서현동, 서현하우비)",031-707-2852,,치과
서울하이안치과의원,"경기도 성남시 분당구 정자일로 135, 정자동3차 푸르지오 시티 207, 207-1, 208, 208-1호 (정자동)",031-718-1718,정자동,치과
연세아이들치과의원,"경기도 성남시 분당구 판교로 375, 6층 603호 (삼평동, 에메트타운)",031-602-2875,,치과
연세위드치과의원,"경기도 성남시 분당구 서현로210번길 19, 센트로빌딩 4층 일부, 5층 (서현동)",1588-9432,서현동,치과
건강한웃음치과의원,"경기도 성남시 분당구 동판교로 59, 2층 203호 (백현동, 자유퍼스트프라자1)",031-8017-2804,,치과
연세미소엘치과의원,"경기도 성남시 분당구 서판교로 154, 3층 302호,302호 (판교동, 낙생빌딩)",031-8017-2878,,치과
김진걸치과의원,"경기도 성남시 분당구 대왕판교로606번길 39, 럭스타워 6층, 7층 604호, 605호, 703호, 704호 (삼평동)",031-711-5406,삼평동,치과
닥터홍치과의원,"경기도 성남시 분당구 돌마로366번길 8, 4-5동 203호206호 (수내동, 푸른마을상가)",031-712-2884,,치과
하늘치과의원,"경기도 성남시 분당구 성남대로 934, 6층 601호,602호 (야탑동, 궁전프라자-2)",031-703-2080,,치과
해솔치과의원,"경기도 성남시 분당구 동판교로 59, 자유퍼스트프라자1 502호 (백현동)",031-702-7528,백현동,치과
분당후즈후치과의원,"경기도 성남시 분당구 황새울로 216, 201호 (수내동, 휴맥스빌리지)",031-1899-7028,,치과
스마일치과의원,"경기도 성남시 분당구 느티로 69, 202호 (정자동, 숲안상가)",031-711-2875,,치과
서울더블유치과의원,"경기도 성남시 분당구 느티로 16, 909호 (정자동, 젤존타워1)",031-698-2377,,치과
서울연치과의원,"경기도 성남시 분당구 분당내곡로 151, 5층 504호 (삼평동, 삼도타워)",031-8016-2820,,치과
서울로고스치과의원,"경기도 성남시 분당구 성남대로 389, 305호 (정자동, 폴라리스2)",031-714-7755,,치과
메디피움치과의원,"경기도 성남시 분당구 분당내곡로 155, B동 4층 (삼평동, 판교역KCC웰츠타워)",031-1899-0050,,치과
연세이미지치과의원,"경기도 성남시 분당구 성남대로 34, 401호 (구미동, 하나프라자)",031-718-2822,,치과
이한치과의원,"경기도 성남시 분당구 내정로165번길 50, 407호 (수내동, 크리스탈빌딩)",031-717-2882,,치과
연세CS치과의원,"경기도 성남시 분당구 대왕판교로606번길 58, 2-23호 24호 (삼평동, 푸르지오월드마크)",031-625-7582,,치과
서울에펠치과의원,"경기도 성남시 분당구 동판교로177번길 25, 209호 (삼평동, 판교 호반 써밋 플레이스)",031-708-4528,,치과
바른이디자인치과교정과치과의원,"경기도 성남시 분당구 돌마로 52, 402호 (구미동, MD프라자)",031-714-2080,,치과
복음치과의원,"경기도 성남시 분당구 야탑로69번길 8, 503호 (야탑동, 한주코아)",031-705-7528,,치과
리볼리치과의원,"경기도 성남시 분당구 성남대로 45, 3층 301호, 303호 (구미동)",031-786-0179,구미동,치과
e바로치과의원,"경기도 성남시 분당구 판교역로 178, 802호 (삼평동, 서건타워)",031-8016-8528,,치과
웃는하루치과의원,"경기도 성남시 분당구 분당로53번길 12, 302호 (서현동, 나산프라자)",031-709-2875,,치과
제이치과의원,"경기도 성남시 분당구 동판교로 58, 401호 (백현동, 나이스프라자)",031-8017-9428,,치과
이창호치과의원,"경기도 성남시 분당구 대왕판교로 660, 309호 (삼평동, 유스페이스Ⅰ)",031-628-1875,,치과
연세SD 치과의원,"경기도 성남시 분당구 판교역로 230, B동 301~302호 (삼평동, 삼환하이펙스)",031-698-2828,,치과
연세라인치과의원,경기도 성남시 분당구 성남대로926번길 6 (야탑동),031-701-2894,야탑동,치과
서울라임치과의원,"경기도 성남시 분당구 대왕판교로 660, 323호 (삼평동, 유스페이스1)",031-628-6700,,치과
E-호재치과의원,"경기도 성남시 분당구 황새울로335번길 5, 401호 401-2호 (서현동, 앤다운빌딩)",031-696-1275,,치과
사람그리고치과의원,"경기도 성남시 분당구 대왕판교로 660, 306호 (삼평동, 유스페이스1)",031-8017-2080,,치과
바른선치과의원,"경기도 성남시 분당구 황새울로335번길 5, 401호 401-1(일부)호 (서현동, 엔타운빌딩)",031-696-1221,,치과
서울이산치과의원,"경기도 성남시 분당구 판교로 375, 403~404호 (삼평동, 메가스페이스1)",031-8017-8228,,치과
서울하이치과의원,"경기도 성남시 분당구 판교로255번길 9-22, 226호 (삼평동, 판교 우림 W-CITY)",031-628-8080,,치과
안세미시간치과의원,"경기도 성남시 분당구 판교역로192번길 16, 503~504호 (삼평동, 판교타워)",031-8017-5579,,치과
서울Y치과의원,"경기도 성남시 분당구 대왕판교로606번길 41, 501~502호 (삼평동, 프라임스퀘어)",031-708-0028,,치과
W7치과의원,"경기도 성남시 분당구 운중로 115, 302~303호 (운중동, 판오션타워상가)",031-707-9577,,치과
서울럭스치과의원,"경기도 성남시 분당구 대왕판교로606번길 39, 8층 (삼평동, 럭스타워)",031-8016-2828,,치과
올바른치과의원,"경기도 성남시 분당구 운중로 142, 3층 일부호 (운중동, 판교메디칼타워)",031-8017-7528,,치과
S플러스치과의원,"경기도 성남시 분당구 운중로 122, 303호 (운중동, 골드클래스)",031-8017-2855,,치과
더공감치과의원,"경기도 성남시 분당구 성남대로916번길 11, 201호 (야탑동, 글라스타워)",031-704-8228,,치과
서울N치과의원,"경기도 성남시 분당구 판교로 376, 401호 (삼평동, 마크시티 퍼플)",031-8016-2080,,치과
분당퍼스트치과의원,"경기도 성남시 분당구 황새울로200번길 40, 5층 (수내동)",031-719-2825,수내동,치과
피오나치과의원,"경기도 성남시 분당구 판교역로 231, 221,222호 (삼평동, H스퀘어 S동 )",031-696-7528,,치과
연세UI치과의원,"경기도 성남시 분당구 판교역로 231, 207호 (삼평동, H스퀘어 S동)",031-789-3800,삼평동,치과
판교탑치과의원,"경기도 성남시 분당구 운중로 242, 3층 306호 (판교동, 리버스토리)",031-705-2275,,치과
토우치과의원,"경기도 성남시 분당구 성남대로 168, 308호 (금곡동, 미도프라자)",031-712-8877,,치과
연세나노치과의원,"경기도 성남시 분당구 서현로 192, 3층 302호 (서현동, 야베스밸리)",031-708-8275,,치과
트리플에이치과의원,"경기도 성남시 분당구 성남대로331번길 8, 킨스타워 3층 308호 (정자동)",031-711-7765,정자동,치과
사는기쁨치과의원,"경기도 성남시 분당구 운중로 140, 402호 (운중동, 메트로골드)",031-708-9750,,치과
서울삼성치과의원,"경기도 성남시 분당구 황새울로200번길 36, 분당 동부루트빌딩 2층 206호 (수내동)",031-713-0700,수내동,치과
아이맘치과의원,"경기도 성남시 분당구 서현로210번길 17, 404호 (서현동, 광림프라자)",031-8016-2852,,치과
서울다즐치과교정과치과의원,"경기도 성남시 분당구 운중로 118, 502호 (운중동, 스타타워)",031-8017-9733,,치과
미소웰치과의원,"경기도 성남시 분당구 운중로 118, 503호 (운중동, 스타타워)",031-8016-2872,,치과
서울원치과의원,"경기도 성남시 분당구 운중로 233, 한솔프라자 301호 (판교동)",031-706-2275,판교동,치과
분당형치과의원,"경기도 성남시 분당구 분당로263번길 35, 203호 (서현동, 굿모닝프라자)",031-706-2855,,치과
연세미소치과의원,"경기도 성남시 분당구 판교로 375, 303호 (삼평동, 에메트타운)",031-8017-2875,,치과
판교어린이치과의원,"경기도 성남시 분당구 서판교로 36, 4층 일부호 (판교동)",031-781-5275,판교동,치과
판교우리치과의원,"경기도 성남시 분당구 운중로 131, 4층 4, 5호 (운중동, 스타식스메트로)",031-8016-2875,,치과
판교우리치과의원,"경기도 성남시 분당구 운중로 131, 4층 4, 5호 (운중동, 스타식스메트로)",031-8016-2875,,치과
서울미소안치과의원,"경기도 성남시 분당구 운중로 239, 401,402호 (판교동, 도메인타워)",031-8016-2275,,치과
분당삼성치과의원,"경기도 성남시 분당구 내정로 167, 301호 (수내동, 양지프라임)",031-719-2875,,치과
서울예쁜얼굴치과의원,"경기도 성남시 분당구 돌마로 68, 분당프라자 8층 806~809호 (구미동)",031-711-9928,구미동,치과
유디서현치과의원,"경기도 성남시 분당구 황새울로360번길 35, 3층 (서현동, 현대프라자)",031-709-0011,,치과
프리미엄치과의원,"경기도 성남시 분당구 판교로 374, 303호 (삼평동, 스타식스코아2)",031-8016-2888,,치과
홍지호치과의원,"경기도 성남시 분당구 정자로 13, 월드비터 2층 216, 217, 218호 (정자동)",031-713-0306,정자동,치과
판교올치과의원,"경기도 성남시 분당구 동판교로 61, 3층 303호 (백현동, 자유퍼스트프라자Ⅱ)",031-706-2889,,치과
훼미리치과의원,"경기도 성남시 분당구 판교로 372, 301~303호 (삼평동, 스타식스코아1)",031-8016-2822,,치과
아트앤치과의원,"경기도 성남시 분당구 서현로 184, 202호 (서현동, 엘지분당에클라트)",031-707-6060,,치과
유디치과의원,"경기도 성남시 분당구 야탑로 95, 901호 (야탑동, 세신옴니코아)",031-709-5225,,치과
연세에스치과의원,"경기도 성남시 분당구 정자일로 55, 109동 306호 (금곡동, 분당두산위브상가)",031-707-1875,,치과
보스턴완치과의원,"경기도 성남시 분당구 서현로 192, 야베스밸리 401호 (서현동)",031-758-2275,서현동,치과
초림지세븐치과의원,"경기도 성남시 분당구 수내로46번길 11, 308~309호 (수내동, 대덕글로리)",031-712-1002,,치과
찬스플란트치과의원,"경기도 성남시 분당구 돌마로 68, 205호 (구미동, 분당프라자)",031-716-2866,,치과
아이사랑치과의원,"경기도 성남시 분당구 내정로 172, 501호 (수내동, 상지빌딩)",031-719-1747,,치과
필립프라임치과의원,"경기도 성남시 분당구 황새울로311번길 8-5, 필립메디컬센터 별관 5층 일부호 (서현동)",031-789-5800,서현동,치과
서울로뎀치과의원,"경기도 성남시 분당구 백현로101번길 29 (수내동, C&C빌딩 4층일부)",031-716-7528,,치과
정직한탑치과의원,"경기도 성남시 분당구 성남대로331번길 8, 321,322호 (정자동, 인텔리지 킨스타워)",031-715-2881,,치과
엠디원치과의원,"경기도 성남시 분당구 황새울로360번길 21, 306호 (서현동, 신영팰리스타워)",031-709-5757,,치과
연세정치과의원,"경기도 성남시 분당구 구미로 60, 402호 (구미동, 관보쇼핑)",031-714-2889,,치과
토론토치과의원,"경기도 성남시 분당구 성남대로331번길 13, 406호 (정자동, 백궁프라자(1))",031-719-7545,,치과
LA포스치과의원,"경기도 성남시 분당구 백현로101번길 21 (수내동, 4층(일부))",031-786-1188,,치과
메디사랑치과의원,"경기도 성남시 분당구 장미로 198, 103호 (야탑동, 아델파크빌)",031-703-9928,,치과
서울바를정치과의원,"경기도 성남시 분당구 성남대로 349, 402호 (정자동, 시그마타워)",031-726-3427,,치과
분당올치과의원,"경기도 성남시 분당구 성남대로331번길 3-3, 4층 406호 (정자동, 젤존타워)",031-719-1212,,치과
수미행치과의원,"경기도 성남시 분당구 야탑로81번길 10, 201호 (야탑동, 아미고타워)",031-622-0202,,치과
서울탑치과의원,"경기도 성남시 분당구 벌말로 35, 401호 (야탑동, 대명빌딩)",031-702-9705,,치과
키즈엔젤치과의원,"경기도 성남시 분당구 성남대로331번길 3-3, 301호 (정자동, 젤존타워III)",031-702-1004,,치과
분당그린치과의원,"경기도 성남시 분당구 성남대로926번길 6, 404호 (야탑동, 대덕프라자 )",031-704-2804,,치과
예림치과의원,"경기도 성남시 분당구 느티로77번길 3, 301호 (정자동, 대보빌딩)",031-718-5886,,치과
분당하얀치과의원,"경기도 성남시 분당구 서현로321번길 10, 301호 (서현동, 승영지빌딩)",031-708-2827,,치과
연세보스톤치과의원,"경기도 성남시 분당구 분당로263번길 39, 306호 (서현동, 레이디파크)",031-703-0032,,치과
서울이바른치과교정과치과의원,"경기도 성남시 분당구 느티로 16, 501호 (정자동,  젤존타워 1차)",031-716-2878,,치과
미소선치과의원,"경기도 성남시 분당구 서현로180번길 13, 303호 (서현동, 서현프라자)",031-708-2875,,치과
에이플러스치과의원,"경기도 성남시 분당구 분당로53번길 9, 3층 305호 (서현동)",031-705-7575,서현동,치과
노벨치과의원,"경기도 성남시 분당구 성남대로331번길 11-3, 3층 (정자동, 여민빌딩)",031-713-9755,,치과
키즈파파치과의원,"경기도 성남시 분당구 야탑로81번길 10, 305호 (야탑동, 아미고타워)",031-622-1475,,치과
샬롬치과의원,"경기도 성남시 분당구 느티로 27, 304호 (정자동, 하나프라자)",031-714-2853,,치과
카라치과의원,"경기도 성남시 분당구 정자로 13, 409~410호 (정자동, 월드비터)",031-786-0285,,치과
이로운치과의원,"경기도 성남시 분당구 야탑로81번길 10, 301호 (야탑동, 아미고타워)",031-622-0300,,치과
연세미소안치과의원,"경기도 성남시 분당구 돌마로 46, 303호 (구미동, 광천프라자)",031-712-3223,,치과
이희경덴탈아트치과의원,"경기도 성남시 분당구 성남대로331번길 3-3, 젤존타워III 402호 (정자동)",031-712-2870,정자동,치과
장치영치과의원,"경기도 성남시 분당구 중앙공원로31번길 42, 213호 (서현동, 서현파크프라자)",031-708-2825,,치과
분당뉴욕치과의원,"경기도 성남시 분당구 서현로210번길 20, 304호,302호일부호 (서현동, 코코프라자)",031-701-9944,,치과
연세위브치과의원,"경기도 성남시 분당구 성남대로 393, B동 201호 (정자동, 두산위브파빌리온)",031-784-9900,,치과
분당지세븐치과의원,"경기도 성남시 분당구 돌마로 85, 304호 (금곡동)",031-713-2022,금곡동,치과
분당NYU치과의원,"경기도 성남시 분당구 성남대로 912, 312호 (야탑동, BYC빌딩)",031-751-8888,,치과
서울미치과의원,"경기도 성남시 분당구 내정로 58, 203호 (정자동, 스포라이프 스포츠센타)",031-719-2872,,치과
베스티스치과의원,"경기도 성남시 분당구 백현로101번길 16, 대덕프라자 3층 309호 (수내동)",031-719-9484,수내동,치과
갤러리e치과의원,"경기도 성남시 분당구 구미로 11, 705호 (구미동, 구미동빌딩)",031-711-2897,,치과
제이정치과의원,"경기도 성남시 분당구 돌마로486번길 12, 207~209호 (서현동, 효자촌 근린상가동)",031-701-1001,서현동,치과
보스턴키즈치과의원,"경기도 성남시 분당구 서현로 204, 404호 (서현동, 엘지에클라트2차)",031-708-1221,,치과
서울키즈파파치과의원,"경기도 성남시 분당구 성남대로 165, 303~305호 (금곡동, 천사의도시)",031-782-4188,,치과
사랑플러스치과의원,"경기도 성남시 분당구 내정로173번길 49, 303호 (수내동, 궁전프라자)",031-717-2812,,치과
데일리치과의원,"경기도 성남시 분당구 정자일로 162, 401호 (정자동, 젤존타워2)",,,치과
연세사랑의치과의원,"경기도 성남시 분당구 성남대로 381, 303호 (정자동, 폴라리스(1))",031-715-2849,,치과
서울로얄치과의원,"경기도 성남시 분당구 성남대로 449, 201호 (정자동, 로얄팰리스 A동)",031-716-2872,정자동,치과
파인트리치과의원,"경기도 성남시 분당구 느티로 16, 401호 (정자동, 젤존타워)",031-716-2022,,치과
21세기치과의원,"경기도 성남시 분당구 돌마로 482, 3층 (서현동, 주영빌딩)",031-708-0021,,치과
선치과의원,"경기도 성남시 분당구 벌말로40번길 3, 4층 (야탑동, 성산빌딩)",031-704-2884,,치과
인텔리지치과의원,"경기도 성남시 분당구 성남대로 345, 401~402호 (정자동, 정자역프라자)",031-726-2275,,치과
이롬플러스치과의원,"경기도 성남시 분당구 돌마로 47, 406호 (금곡동, 이코노샤르망빌딩)",031-718-5674,,치과
서울화이트치과의원,"경기도 성남시 분당구 장미로 78, 306호 (야탑동, 시그마Ⅲ)",031-709-2852,,치과
창조치과의원,"경기도 성남시 분당구 성남대로 385, 401,401-1호 (정자동, 분당크리닉)",031-710-9610,,치과
분당어린이치과의원,"경기도 성남시 분당구 장안로 27, 3층 (분당동, SNH타워)",031-716-5275,,치과
서울웰치과의원,"경기도 성남시 분당구 성남대로 165, 228호 (금곡동, 천사의도시)",031-782-4228,,치과
노엘치과의원,"경기도 성남시 분당구 성남대로779번길 50, 5층 (이매동, MDG빌딩)",031-709-0962,,치과
연세고운미소치과의원,"경기도 성남시 분당구 성남대로 165, 천사의도시1 오피스텔 311~315호 (금곡동)",031-712-2875,금곡동,치과
블랑스치과의원,"경기도 성남시 분당구 백현로 97, 수내동 다운타운 4층 404호일부호 (수내동)",031-719-9009,수내동,치과
미시간치과의원,"경기도 성남시 분당구 불정로 168, 301호 (정자동, 예광프라자)",031-715-7928,,치과
서울아름치과의원,"경기도 성남시 분당구 판교로 438, 2층 (이매동, 낫소빌딩)",031-704-5300,,치과
한성치과의원,"경기도 성남시 분당구 정자일로 240, 506호 (정자동, 월드프라자)",031-716-7574,,치과
이편한치과의원,"경기도 성남시 분당구 수내로 39, 226호 (수내동, 분당지웰푸르지오)",031-717-3445,,치과
구대회현미경치과의원,"경기도 성남시 분당구 서현로 192, 야베스밸리 207호 (서현동)",031-704-7528,서현동,치과
수내서울치과의원,"경기도 성남시 분당구 돌마로366번길 42, 206호 (수내동, 동한프라자)",031-726-2875,,치과
연세예치과의원,"경기도 성남시 분당구 양현로 126, 306호 (이매동, 미림프라자)",031-705-2031,,치과
연세도앤도치과의원,"경기도 성남시 분당구 황새울로360번길 28, 3층 303호 (서현동, 은성프라자)",031-781-0028,,치과
미금치과의원,"경기도 성남시 분당구 돌마로90번길 4, 302호 (구미동, 엘레강스프라자)",031-715-2875,,치과
장지철치과의원,"경기도 성남시 분당구 황새울로 326, 3층 (서현동, 서현빌딩상가동)",031-702-2882,서현동,치과
분당웰치과의원,"경기도 성남시 분당구 중앙공원로39번길 49, 204호 (서현동, 서현지엔느빌딩)",031-781-2235,,치과
이노치과의원,"경기도 성남시 분당구 내정로173번길 1, 2층 (수내동, 한국상업은행)",031-714-2825,,치과
두서울치과의원,"경기도 성남시 분당구 백현로101번길 17, 407,408호 (수내동, 초림프라자)",031-715-2275,,치과
향기로운치과의원,"경기도 성남시 분당구 돌마로 75, 502,503호 (금곡동, 미금프라자)",031-715-4212,,치과
유에스씨서울치과의원,"경기도 성남시 분당구 불정로 379, 301호 (서현동, 서현프라자)",031-781-2227,,치과
정치과의원,"경기도 성남시 분당구 구미로9번길 7, 311호 (구미동, 팬텀테마광장)",031-716-0225,,치과
미소담치과의원,"경기도 성남시 분당구 중앙공원로40번길 4, 현대카스올림픽골프파크 211호 (서현동)",031-704-3321,서현동,치과
메디피움 분당치과의원,"경기도 성남시 분당구 중앙공원로40번길 32, 2층 (서현동)",031-730-7731,서현동,치과
브레이스치과의원,"경기도 성남시 분당구 내정로165번길 50, 305호 (수내동, 크리스탈빌딩)",031-719-8528,,치과
뷰티플러스치과의원,"경기도 성남시 분당구 황새울로342번길 11, 4층 405호 (서현동, 금호리빙)",031-702-0054,,치과
프라임치과의원,"경기도 성남시 분당구 야탑로81번길 10, 311호 312호 (야탑동, 아미고타워)",031-622-1222,,치과
트리폴리스치과의원,"경기도 성남시 분당구 정자일로 1, D동 102호 (금곡동, 코오롱트리폴리스)",031-711-2876,,치과
일리노이 치과교정과 치과의원,"경기도 성남시 분당구 백현로101번길 23, 401호 (수내동, 미도프라자)",031-711-3111,,치과
조준현치과의원,"경기도 성남시 분당구 황새울로 332, 분당문화센터 6층 일부호 (서현동)",031-758-7528,서현동,치과
분당치과의원,"경기도 성남시 분당구 장안로 35, 4층 (분당동, 성창빌딩)",031-709-2828,,치과
아름다운치과의원,"경기도 성남시 분당구 서현로210번길 2, 303,304호 (서현동, 성지하이츠텔)",031-707-2119,,치과
민치과의원,"경기도 성남시 분당구 야탑로 245, 목련프라자 3층 303,304호 (야탑동)",031-703-1340,야탑동,치과
서울미래치과의원,"경기도 성남시 분당구 돌마로 80, 2층 1,2호 (구미동, 현대벤처빌)",031-728-2875,,치과
유재형치과의원,"경기도 성남시 분당구 야탑로81번길 10, 분당아미고타워 405호 (야탑동)",031-781-7528,야탑동,치과
미소고운치과의원,"경기도 성남시 분당구 판교로 478, 301호 (이매동, 금강프라자)",031-705-2875,,치과
산호세치과의원,"경기도 성남시 분당구 정자로 88, 2층 일부호 (정자동, 성심빌딩)",031-715-1535,,치과
LH치과의원,"경기도 성남시 분당구 성남대로54번길 3, 3층 (구미동, LH 별관)",031-738-5183,,치과
미서울치과의원,"경기도 성남시 분당구 돌마로 86, 2동 301,302호 (구미동, 엘레강스프라자)",031-713-2872,,치과
서울하얀치과의원,"경기도 성남시 분당구 성남대로 170, 308호 (금곡동, 한국프라자)",031-718-2875,,치과
서울좋은치과의원,"경기도 성남시 분당구 정자로 112, 2층 25호 (정자동, 신화아파트상가)",031-717-7727,,치과
즐거운치과의원,"경기도 성남시 분당구 미금로 48, 304호 (구미동, 오성프라자)",031-719-2110,,치과
심미치과의원,"경기도 성남시 분당구 중앙공원로 35, 206호 (서현동, 올림픽스포츠센터)",031-702-2858,,치과
연세구미치과의원,"경기도 성남시 분당구 미금로 45, 306호 (구미동, 진도훼미리)",031-712-8275,,치과
최승모치과의원,"경기도 성남시 분당구 미금로 184, 205호 (구미동, 대우롯데선경아파트상가)",031-717-2875,,치과
하얀이치과의원,"경기도 성남시 분당구 장미로 139, 2층 일부(201호)호 (야탑동, 매화마을공무원아파트)",031-709-0951,,치과
푸른치과의원,"경기도 성남시 분당구 불정로 380, 304호 (서현동, 동남프라자)",031-781-0577,,치과
진서울치과의원,"경기도 성남시 분당구 백현로 105, 201호 (수내동, 로양팰리스하우스빌)",031-717-0600,,치과
연세미치과의원,"경기도 성남시 분당구 불정로 255, 208호 (수내동, 돌마소매시장)",031-715-6870,,치과
좋은치과의원,"경기도 성남시 분당구 돌마로476번길 41, 2층 (서현동, 분당빌딩)",031-703-7012,,치과
뉴욕치과의원,"경기도 성남시 분당구 돌마로 67, 302호 (금곡동, 금산젬월드)",031-719-2798,,치과
하나치과의원,"경기도 성남시 분당구 미금일로 71, 203호 (구미동, 하나빌딩)",031-718-2803,,치과
한마음치과의원,"경기도 성남시 분당구 성남대로 168, 미도프라자 407호 (금곡동)",031-712-7675,금곡동,치과
다나치과의원,"경기도 성남시 분당구 황새울로342번길 9, 5층 (서현동, 정현빌딩)",031-702-2828,,치과
한빛치과의원,"경기도 성남시 분당구 성남대로 934, 401호 (야탑동, 궁전프라자)",031-702-0515,,치과
수치과의원,"경기도 성남시 분당구 돌마로 478, 302호 (서현동, 창인프라자)",031-781-2875,,치과
연세수치과의원,"경기도 성남시 분당구 성남대로925번길 16, 성남(분당)여객자동차터미널 2층 111~114호 (야탑동)",031-709-7382,야탑동,치과
한미치과의원,"경기도 성남시 분당구 이매로 51, 305호 (이매동, 한라프라자)",031-705-2814,,치과
성가치과의원,"경기도 성남시 분당구 야탑로69번길 24-8, 411호 (야탑동, 분당종합상가)",031-704-4555,,치과
안경모치과의원,"경기도 성남시 분당구 돌마로 364, 3층 11호 12호 (수내동, 현대제일상가)",031-719-0222,,치과
서울SD치과의원,"경기도 성남시 분당구 미금로 44, 4층 일부호 (구미동, 국민프라자)",031-719-2289,,치과
예손치과의원,"경기도 성남시 분당구 서현로210번길 14, 304호 (서현동, 유성트윈프라자 동관)",031-704-2888,,치과
진익재치과의원,"경기도 성남시 분당구 서현로210번길 16, 301호 (서현동, 유성트윈프라자 서관)",031-708-2871,,치과
우방치과의원,"경기도 성남시 분당구 돌마로 73, 301호 (금곡동, 우방코아)",031-717-7582,,치과
탑치과의원,"경기도 성남시 분당구 판교로 435 (야탑동, 동양프라자)",031-708-2666,,치과
신현대치과의원,"경기도 성남시 분당구 매화로 92, 201호 (야탑동, 매화마을 공무원아파트상가)",031-707-7153,,치과
가온치과의원,"경기도 성남시 분당구 돌마로 87, 303호 (금곡동, 골드프라자)",031-718-2727,,치과
예인치과의원,"경기도 성남시 분당구 내정로17번길 2, 4002호 (정자동, 한솔프라자)",031-718-0095,,치과
소영치과의원,"경기도 성남시 분당구 정자로 78, 201호 (정자동, 영동프라자)",031-717-3497,,치과
최낙구치과의원,"경기도 성남시 분당구 성남대로779번길 54, 402호 (이매동, 동산쇼핑)",031-705-7742,,치과
이가편한치과의원,"경기도 성남시 분당구 돌마로 68, 403호 (구미동, 분당프라자)",031-716-2883,,치과
분당연세치과의원,"경기도 성남시 분당구 느티로 71, 304호 (정자동, 현대프라자)",,,치과
본치과의원,"경기도 성남시 분당구 성남대로 906, 5층일부호 (야탑동, 국민은행)",031-703-7683,,치과
이승호치과의원,"경기도 성남시 분당구 이매로 13, 306호 (이매동, 뉴선경프라자)",031-707-1246,,치과
분당상아치과의원,"경기도 성남시 분당구 내정로 29, 203,204호 (정자동, 금곡프라자)",031-714-4466,,치과
소망치과의원,"경기도 성남시 분당구 황새울로258번길 43, 409,410호 (수내동, 수내프라자)",031-718-6180,,치과
세신치과의원,"경기도 성남시 분당구 야탑로 95, 502호 (야탑동, 세신옴니코아)",031-701-3572,,치과
엘치과의원,"경기도 성남시 분당구 성남대로916번길 7, 104호 (야탑동, 서일빌딩)",031-705-1618,,치과
서울바른이치과의원,"경기도 성남시 분당구 서현로 184, 215호 (서현동, LG분당에클라트)",031-707-2875,,치과
연플러스치과의원,"경기도 성남시 분당구 판교로 434, 3층 (이매동, 명건빌딩)",031-705-2025,,치과
류장춘치과의원,"경기도 성남시 분당구 양현로94번길 21, 305호 (이매동, 분당코아빌딩)",031-706-6640,,치과
박상복치과의원,"경기도 성남시 분당구 불정로376번길 37, 303호 (서현동, 범한프라자)",031-702-5743,,치과
문치과의원,"경기도 성남시 분당구 서현로 181, 303호 (이매동, 한신아파트단지내상가)",031-704-4812,,치과
김희삼치과의원,"경기도 성남시 분당구 내정로166번길 43, 303호 (수내동, 금산프라자)",031-712-2742,,치과
안진구치과의원,"경기도 성남시 분당구 장미로 55, 195동 204,304호 (야탑동, 근린상가)",031-704-7770,,치과
분당세란치과의원,"경기도 성남시 분당구 돌마로476번길 31, 211호 (서현동, 임광근린상가)",031-702-5450,,치과
윤덕상치과의원,"경기도 성남시 분당구 돌마로 481, 3층 307호 (서현동, 분당우성프라자)",031-701-9575,,치과
박성호치과의원,"경기도 성남시 분당구 돌마로 361, 501호 (수내동, 동신코아빌딩)",031-712-0638,,치과
연세이사랑치과의원,"경기도 성남시 분당구 내정로166번길 7-3, 301호 (수내동, 서기빌딩)",031-712-1027,,치과
박진치과의원,"경기도 성남시 분당구 내정로 170, 305호 (수내동, 동신파크빌딩)",031-712-0497,,치과
지성치과의원,"경기도 성남시 분당구 내정로165번길 38, 2층 37호 (수내동, 양지마을 602동 상가)",031-711-9241,,치과
조구치과의원,"경기도 성남시 분당구 내정로165번길 38, 231호 (수내동, 양지마을602동 상가)",031-711-2888,,치과
미루나무치과의원,"경기도 성남시 분당구 운중로 249, 501호 (판교동)",031-8016-9430,판교동,치과
목길수치과의원,"경기도 성남시 분당구 중앙공원로39번길 7, 207호 (서현동, 삼성한신상가)",031-701-2875,,치과
서현치과의원,"경기도 성남시 분당구 중앙공원로40번길 8, 215호 (서현동, 현대복합상가)",031-701-8345,,치과
장세원치과의원,"경기도 성남시 분당구 내정로173번길 11, 214호 (수내동, 대명제스트)",031-714-9506,,치과
연세e튼튼치과의원,"경기도 성남시 분당구 양현로310번길 25, 뉴씨티모텔 304호 (야탑동)",031-758-2877,야탑동,치과
한음한방신경정신과한의원,"경기도 성남시 분당구 황새울로360번길 21, 1102호 (서현동, 신영팰리스타워)",031-781-7510,,정신건강의학과
새로분당예치과병원,"경기도 성남시 분당구 황새울로258번길 37, 흥국생명빌딩 2층 (수내동)",031-713-2828,수내동,치과
드림분당예치과병원,"경기도 성남시 분당구 황새울로258번길 37, 흥국생명빌딩 2층 (수내동)",031-713-2875,수내동,치과
스마일분당예치과병원,"경기도 성남시 분당구 황새울로258번길 37, 흥국생명빌딩 2층 (수내동)",031-718-2828,수내동,치과
밸런스치과병원,"경기도 성남시 분당구 분당내곡로 117, 알파돔타워Ⅳ 3층 301호 (백현동)",031-622-7528,백현동,치과
드라마치과병원,"경기도 성남시 분당구 정자일로198번길 15, 7층 일부호 (정자동, 제나프라자)",031-716-2895,,치과
국군수도치과병원,"경기도 성남시 분당구 새마을로177번길 81, 66호 (율동)",031-725-6419,율동,치과
형치과병원,경기도 성남시 분당구 미금로 40 (구미동),031-714-5000,구미동,치과
